Copyright 1986-2022 Xilinx, Inc. All Rights Reserved. Copyright 2022-2024 Advanced Micro Devices, Inc. All Rights Reserved.
---------------------------------------------------------------------------------------------------------------------------------------------------------------------------------------------------------------------------------------------------
| Tool Version : Vivado v.2024.1 (win64) Build 5076996 Wed May 22 18:37:14 MDT 2024
| Date         : Wed Dec 17 13:18:09 2025
| Host         : alina running 64-bit major release  (build 9200)
| Command      : report_timing_summary -max_paths 10 -report_unconstrained -file design_alu_wrapper_timing_summary_routed.rpt -pb design_alu_wrapper_timing_summary_routed.pb -rpx design_alu_wrapper_timing_summary_routed.rpx -warn_on_violation
| Design       : design_alu_wrapper
| Device       : 7z020-clg400
| Speed File   : -1  PRODUCTION 1.12 2019-11-22
| Design State : Routed
---------------------------------------------------------------------------------------------------------------------------------------------------------------------------------------------------------------------------------------------------

Timing Summary Report

------------------------------------------------------------------------------------------------
| Timer Settings
| --------------
------------------------------------------------------------------------------------------------

  Enable Multi Corner Analysis               :  Yes
  Enable Pessimism Removal                   :  Yes
  Pessimism Removal Resolution               :  Nearest Common Node
  Enable Input Delay Default Clock           :  No
  Enable Preset / Clear Arcs                 :  No
  Disable Flight Delays                      :  No
  Ignore I/O Paths                           :  No
  Timing Early Launch at Borrowing Latches   :  No
  Borrow Time for Max Delay Exceptions       :  Yes
  Merge Timing Exceptions                    :  Yes
  Inter-SLR Compensation                     :  Conservative

  Corner  Analyze    Analyze    
  Name    Max Paths  Min Paths  
  ------  ---------  ---------  
  Slow    Yes        Yes        
  Fast    Yes        Yes        


------------------------------------------------------------------------------------------------
| Report Methodology
| ------------------
------------------------------------------------------------------------------------------------

No report available as report_methodology has not been run prior. Run report_methodology on the current design for the summary of methodology violations.



check_timing report

Table of Contents
-----------------
1. checking no_clock (0)
2. checking constant_clock (0)
3. checking pulse_width_clock (0)
4. checking unconstrained_internal_endpoints (0)
5. checking no_input_delay (0)
6. checking no_output_delay (0)
7. checking multiple_clock (0)
8. checking generated_clocks (0)
9. checking loops (0)
10. checking partial_input_delay (0)
11. checking partial_output_delay (0)
12. checking latch_loops (0)

1. checking no_clock (0)
------------------------
 There are 0 register/latch pins with no clock.


2. checking constant_clock (0)
------------------------------
 There are 0 register/latch pins with constant_clock.


3. checking pulse_width_clock (0)
---------------------------------
 There are 0 register/latch pins which need pulse_width check


4. checking unconstrained_internal_endpoints (0)
------------------------------------------------
 There are 0 pins that are not constrained for maximum delay.

 There are 0 pins that are not constrained for maximum delay due to constant clock.


5. checking no_input_delay (0)
------------------------------
 There are 0 input ports with no input delay specified.

 There are 0 input ports with no input delay but user has a false path constraint.


6. checking no_output_delay (0)
-------------------------------
 There are 0 ports with no output delay specified.

 There are 0 ports with no output delay but user has a false path constraint

 There are 0 ports with no output delay but with a timing clock defined on it or propagating through it


7. checking multiple_clock (0)
------------------------------
 There are 0 register/latch pins with multiple clocks.


8. checking generated_clocks (0)
--------------------------------
 There are 0 generated clocks that are not connected to a clock source.


9. checking loops (0)
---------------------
 There are 0 combinational loops in the design.


10. checking partial_input_delay (0)
------------------------------------
 There are 0 input ports with partial input delay specified.


11. checking partial_output_delay (0)
-------------------------------------
 There are 0 ports with partial output delay specified.


12. checking latch_loops (0)
----------------------------
 There are 0 combinational latch loops in the design through latch input



------------------------------------------------------------------------------------------------
| Design Timing Summary
| ---------------------
------------------------------------------------------------------------------------------------

    WNS(ns)      TNS(ns)  TNS Failing Endpoints  TNS Total Endpoints      WHS(ns)      THS(ns)  THS Failing Endpoints  THS Total Endpoints     WPWS(ns)     TPWS(ns)  TPWS Failing Endpoints  TPWS Total Endpoints  
    -------      -------  ---------------------  -------------------      -------      -------  ---------------------  -------------------     --------     --------  ----------------------  --------------------  
      1.305        0.000                      0                 2359        0.025        0.000                      0                 2359        9.020        0.000                       0                  1197  


All user specified timing constraints are met.


------------------------------------------------------------------------------------------------
| Clock Summary
| -------------
------------------------------------------------------------------------------------------------

Clock       Waveform(ns)       Period(ns)      Frequency(MHz)
-----       ------------       ----------      --------------
clk_fpga_0  {0.000 10.000}     20.000          50.000          


------------------------------------------------------------------------------------------------
| Intra Clock Table
| -----------------
------------------------------------------------------------------------------------------------

Clock             WNS(ns)      TNS(ns)  TNS Failing Endpoints  TNS Total Endpoints      WHS(ns)      THS(ns)  THS Failing Endpoints  THS Total Endpoints     WPWS(ns)     TPWS(ns)  TPWS Failing Endpoints  TPWS Total Endpoints  
-----             -------      -------  ---------------------  -------------------      -------      -------  ---------------------  -------------------     --------     --------  ----------------------  --------------------  
clk_fpga_0          1.305        0.000                      0                 2313        0.025        0.000                      0                 2313        9.020        0.000                       0                  1197  


------------------------------------------------------------------------------------------------
| Inter Clock Table
| -----------------
------------------------------------------------------------------------------------------------

From Clock    To Clock          WNS(ns)      TNS(ns)  TNS Failing Endpoints  TNS Total Endpoints      WHS(ns)      THS(ns)  THS Failing Endpoints  THS Total Endpoints  
----------    --------          -------      -------  ---------------------  -------------------      -------      -------  ---------------------  -------------------  


------------------------------------------------------------------------------------------------
| Other Path Groups Table
| -----------------------
------------------------------------------------------------------------------------------------

Path Group         From Clock         To Clock               WNS(ns)      TNS(ns)  TNS Failing Endpoints  TNS Total Endpoints      WHS(ns)      THS(ns)  THS Failing Endpoints  THS Total Endpoints  
----------         ----------         --------               -------      -------  ---------------------  -------------------      -------      -------  ---------------------  -------------------  
**async_default**  clk_fpga_0         clk_fpga_0              16.103        0.000                      0                   46        0.405        0.000                      0                   46  


------------------------------------------------------------------------------------------------
| User Ignored Path Table
| -----------------------
------------------------------------------------------------------------------------------------

Path Group    From Clock    To Clock    
----------    ----------    --------    
(none)                      clk_fpga_0    
(none)        clk_fpga_0    clk_fpga_0    


------------------------------------------------------------------------------------------------
| Unconstrained Path Table
| ------------------------
------------------------------------------------------------------------------------------------

Path Group    From Clock    To Clock    
----------    ----------    --------    


------------------------------------------------------------------------------------------------
| Timing Details
| --------------
------------------------------------------------------------------------------------------------


---------------------------------------------------------------------------------------------------
From Clock:  clk_fpga_0
  To Clock:  clk_fpga_0

Setup :            0  Failing Endpoints,  Worst Slack        1.305ns,  Total Violation        0.000ns
Hold  :            0  Failing Endpoints,  Worst Slack        0.025ns,  Total Violation        0.000ns
PW    :            0  Failing Endpoints,  Worst Slack        9.020ns,  Total Violation        0.000ns
---------------------------------------------------------------------------------------------------


Max Delay Paths
--------------------------------------------------------------------------------------
Slack (MET) :             1.305ns  (required time - arrival time)
  Source:                 design_alu_i/axi_gpio_A/U0/gpio_core_1/Not_Dual.gpio_Data_Out_reg[7]/C
                            (rising edge-triggered cell FDRE clocked by clk_fpga_0  {rise@0.000ns fall@10.000ns period=20.000ns})
  Destination:            design_alu_i/ALU_0/inst/result_reg_reg[15]/D
                            (rising edge-triggered cell FDCE clocked by clk_fpga_0  {rise@0.000ns fall@10.000ns period=20.000ns})
  Path Group:             clk_fpga_0
  Path Type:              Setup (Max at Slow Process Corner)
  Requirement:            20.000ns  (clk_fpga_0 rise@20.000ns - clk_fpga_0 rise@0.000ns)
  Data Path Delay:        18.406ns  (logic 7.691ns (41.785%)  route 10.715ns (58.215%))
  Logic Levels:           26  (CARRY4=14 LUT3=3 LUT4=1 LUT5=5 LUT6=3)
  Clock Path Skew:        -0.018ns (DCD - SCD + CPR)
    Destination Clock Delay (DCD):    2.657ns = ( 22.657 - 20.000 ) 
    Source Clock Delay      (SCD):    2.937ns
    Clock Pessimism Removal (CPR):    0.262ns
  Clock Uncertainty:      0.302ns  ((TSJ^2 + TIJ^2)^1/2 + DJ) / 2 + PE
    Total System Jitter     (TSJ):    0.071ns
    Total Input Jitter      (TIJ):    0.600ns
    Discrete Jitter          (DJ):    0.000ns
    Phase Error              (PE):    0.000ns

    Location             Delay type                Incr(ns)  Path(ns)    Netlist Resource(s)
  -------------------------------------------------------------------    -------------------
                         (clock clk_fpga_0 rise edge)
                                                      0.000     0.000 r  
    PS7_X0Y0             PS7                          0.000     0.000 r  design_alu_i/processing_system7_0/inst/PS7_i/FCLKCLK[0]
                         net (fo=1, routed)           1.193     1.193    design_alu_i/processing_system7_0/inst/FCLK_CLK_unbuffered[0]
    BUFGCTRL_X0Y16       BUFG (Prop_bufg_I_O)         0.101     1.294 r  design_alu_i/processing_system7_0/inst/buffer_fclk_clk_0.FCLK_CLK_0_BUFG/O
                         net (fo=1197, routed)        1.643     2.937    design_alu_i/axi_gpio_A/U0/gpio_core_1/s_axi_aclk
    SLICE_X40Y83         FDRE                                         r  design_alu_i/axi_gpio_A/U0/gpio_core_1/Not_Dual.gpio_Data_Out_reg[7]/C
  -------------------------------------------------------------------    -------------------
    SLICE_X40Y83         FDRE (Prop_fdre_C_Q)         0.419     3.356 f  design_alu_i/axi_gpio_A/U0/gpio_core_1/Not_Dual.gpio_Data_Out_reg[7]/Q
                         net (fo=69, routed)          1.006     4.362    design_alu_i/ALU_0/inst/mult_inst/A[0]
    SLICE_X40Y83         LUT6 (Prop_lut6_I1_O)        0.299     4.661 r  design_alu_i/ALU_0/inst/mult_inst/reg_Q[7]_i_2/O
                         net (fo=4, routed)           0.624     5.285    design_alu_i/ALU_0/inst/mult_inst/A[5]_0
    SLICE_X39Y83         LUT3 (Prop_lut3_I1_O)        0.124     5.409 r  design_alu_i/ALU_0/inst/mult_inst/i___0_carry__0_i_9/O
                         net (fo=21, routed)          0.800     6.208    design_alu_i/ALU_0/inst/mult_inst/A_6_sn_1
    SLICE_X41Y84         LUT3 (Prop_lut3_I0_O)        0.124     6.332 r  design_alu_i/ALU_0/inst/mult_inst/i___0_carry__0_i_5/O
                         net (fo=1, routed)           0.000     6.332    design_alu_i/ALU_0/inst/mult_inst/i___0_carry__0_i_5_n_0
    SLICE_X41Y84         CARRY4 (Prop_carry4_S[3]_CO[3])
                                                      0.401     6.733 r  design_alu_i/ALU_0/inst/mult_inst/plusOp_inferred__2/i___0_carry__0/CO[3]
                         net (fo=1, routed)           0.000     6.733    design_alu_i/ALU_0/inst/mult_inst/plusOp_inferred__2/i___0_carry__0_n_0
    SLICE_X41Y85         CARRY4 (Prop_carry4_CI_O[0])
                                                      0.222     6.955 r  design_alu_i/ALU_0/inst/mult_inst/plusOp_inferred__2/i___0_carry__1/O[0]
                         net (fo=3, routed)           0.465     7.421    design_alu_i/ALU_0/inst/mult_inst/plusOp_inferred__2/i___0_carry__1_n_7
    SLICE_X40Y85         LUT5 (Prop_lut5_I1_O)        0.299     7.720 r  design_alu_i/ALU_0/inst/mult_inst/i___0_carry__0_i_1__3/O
                         net (fo=5, routed)           0.651     8.370    design_alu_i/ALU_0/inst/mult_inst/i___0_carry__0_i_1__3_n_0
    SLICE_X44Y85         CARRY4 (Prop_carry4_DI[3]_CO[3])
                                                      0.385     8.755 r  design_alu_i/ALU_0/inst/mult_inst/plusOp_inferred__4/i___0_carry__0/CO[3]
                         net (fo=1, routed)           0.000     8.755    design_alu_i/ALU_0/inst/mult_inst/plusOp_inferred__4/i___0_carry__0_n_0
    SLICE_X44Y86         CARRY4 (Prop_carry4_CI_O[0])
                                                      0.222     8.977 r  design_alu_i/ALU_0/inst/mult_inst/plusOp_inferred__4/i___0_carry__1/O[0]
                         net (fo=4, routed)           0.605     9.582    design_alu_i/ALU_0/inst/mult_inst/plusOp_inferred__4/i___0_carry__1_n_7
    SLICE_X48Y85         LUT5 (Prop_lut5_I1_O)        0.299     9.881 r  design_alu_i/ALU_0/inst/mult_inst/i___0_carry__0_i_1/O
                         net (fo=5, routed)           0.674    10.555    design_alu_i/ALU_0/inst/mult_inst/i___0_carry__0_i_1_n_0
    SLICE_X45Y86         CARRY4 (Prop_carry4_DI[3]_CO[3])
                                                      0.385    10.940 r  design_alu_i/ALU_0/inst/mult_inst/plusOp_inferred__6/i__carry__0/CO[3]
                         net (fo=1, routed)           0.000    10.940    design_alu_i/ALU_0/inst/mult_inst/plusOp_inferred__6/i__carry__0_n_0
    SLICE_X45Y87         CARRY4 (Prop_carry4_CI_O[0])
                                                      0.222    11.162 r  design_alu_i/ALU_0/inst/mult_inst/plusOp_inferred__6/i__carry__1/O[0]
                         net (fo=4, routed)           0.606    11.768    design_alu_i/ALU_0/inst/mult_inst/plusOp_inferred__6/i__carry__1_n_7
    SLICE_X49Y87         LUT5 (Prop_lut5_I0_O)        0.299    12.067 r  design_alu_i/ALU_0/inst/mult_inst/i___0_carry__0_i_1__0/O
                         net (fo=5, routed)           0.819    12.886    design_alu_i/ALU_0/inst/mult_inst/i___0_carry__0_i_1__0_n_0
    SLICE_X47Y87         CARRY4 (Prop_carry4_DI[3]_CO[3])
                                                      0.385    13.271 r  design_alu_i/ALU_0/inst/mult_inst/plusOp_inferred__8/i__carry__0/CO[3]
                         net (fo=1, routed)           0.000    13.271    design_alu_i/ALU_0/inst/mult_inst/plusOp_inferred__8/i__carry__0_n_0
    SLICE_X47Y88         CARRY4 (Prop_carry4_CI_O[0])
                                                      0.222    13.493 r  design_alu_i/ALU_0/inst/mult_inst/plusOp_inferred__8/i__carry__1/O[0]
                         net (fo=4, routed)           0.471    13.964    design_alu_i/ALU_0/inst/mult_inst/plusOp_inferred__8/i__carry__1_n_7
    SLICE_X46Y88         LUT5 (Prop_lut5_I0_O)        0.299    14.263 r  design_alu_i/ALU_0/inst/mult_inst/i___0_carry__0_i_1__2/O
                         net (fo=5, routed)           0.511    14.774    design_alu_i/ALU_0/inst/mult_inst/i___0_carry__0_i_1__2_n_0
    SLICE_X45Y89         CARRY4 (Prop_carry4_DI[3]_CO[3])
                                                      0.385    15.159 r  design_alu_i/ALU_0/inst/mult_inst/plusOp_inferred__10/i__carry__0/CO[3]
                         net (fo=1, routed)           0.000    15.159    design_alu_i/ALU_0/inst/mult_inst/plusOp_inferred__10/i__carry__0_n_0
    SLICE_X45Y90         CARRY4 (Prop_carry4_CI_O[0])
                                                      0.222    15.381 r  design_alu_i/ALU_0/inst/mult_inst/plusOp_inferred__10/i__carry__1/O[0]
                         net (fo=4, routed)           0.660    16.042    design_alu_i/ALU_0/inst/mult_inst/plusOp_inferred__10/i__carry__1_n_7
    SLICE_X46Y90         LUT5 (Prop_lut5_I0_O)        0.299    16.341 r  design_alu_i/ALU_0/inst/mult_inst/i___0_carry__0_i_1__1/O
                         net (fo=4, routed)           0.642    16.983    design_alu_i/ALU_0/inst/mult_inst/i___0_carry__0_i_1__1_n_0
    SLICE_X44Y91         CARRY4 (Prop_carry4_DI[3]_CO[3])
                                                      0.385    17.368 r  design_alu_i/ALU_0/inst/mult_inst/plusOp_inferred__12/i__carry__0/CO[3]
                         net (fo=1, routed)           0.000    17.368    design_alu_i/ALU_0/inst/mult_inst/plusOp_inferred__12/i__carry__0_n_0
    SLICE_X44Y92         CARRY4 (Prop_carry4_CI_O[0])
                                                      0.222    17.590 r  design_alu_i/ALU_0/inst/mult_inst/plusOp_inferred__12/i__carry__1/O[0]
                         net (fo=3, routed)           0.519    18.108    design_alu_i/ALU_0/inst/mult_inst/plusOp_inferred__12/i__carry__1_n_7
    SLICE_X45Y92         LUT3 (Prop_lut3_I2_O)        0.299    18.407 f  design_alu_i/ALU_0/inst/mult_inst/i__carry__0_i_6/O
                         net (fo=1, routed)           0.340    18.747    design_alu_i/ALU_0/inst/mult_inst/i__carry__0_i_6_n_0
    SLICE_X45Y91         LUT6 (Prop_lut6_I0_O)        0.124    18.871 r  design_alu_i/ALU_0/inst/mult_inst/i__carry__0_i_1__0/O
                         net (fo=3, routed)           0.500    19.371    design_alu_i/ALU_0/inst/mult_inst/p[16]
    SLICE_X42Y90         CARRY4 (Prop_carry4_DI[3]_CO[3])
                                                      0.396    19.767 r  design_alu_i/ALU_0/inst/mult_inst/result_reg_reg[13]_i_3/CO[3]
                         net (fo=1, routed)           0.000    19.767    design_alu_i/ALU_0/inst/mult_inst/result_reg_reg[13]_i_3_n_0
    SLICE_X42Y91         CARRY4 (Prop_carry4_CI_O[1])
                                                      0.323    20.090 r  design_alu_i/ALU_0/inst/mult_inst/result_reg_reg[15]_i_6/O[1]
                         net (fo=1, routed)           0.416    20.506    design_alu_i/ALU_0/inst/mult_inst/result_reg_reg[15]_i_6_n_6
    SLICE_X41Y92         LUT4 (Prop_lut4_I3_O)        0.306    20.812 f  design_alu_i/ALU_0/inst/mult_inst/result_reg[15]_i_3/O
                         net (fo=1, routed)           0.407    21.219    design_alu_i/ALU_0/inst/mult_inst/result_reg[15]_i_3_n_0
    SLICE_X41Y92         LUT6 (Prop_lut6_I3_O)        0.124    21.343 r  design_alu_i/ALU_0/inst/mult_inst/result_reg[15]_i_2/O
                         net (fo=1, routed)           0.000    21.343    design_alu_i/ALU_0/inst/p_1_in[15]
    SLICE_X41Y92         FDCE                                         r  design_alu_i/ALU_0/inst/result_reg_reg[15]/D
  -------------------------------------------------------------------    -------------------

                         (clock clk_fpga_0 rise edge)
                                                     20.000    20.000 r  
    PS7_X0Y0             PS7                          0.000    20.000 r  design_alu_i/processing_system7_0/inst/PS7_i/FCLKCLK[0]
                         net (fo=1, routed)           1.088    21.088    design_alu_i/processing_system7_0/inst/FCLK_CLK_unbuffered[0]
    BUFGCTRL_X0Y16       BUFG (Prop_bufg_I_O)         0.091    21.179 r  design_alu_i/processing_system7_0/inst/buffer_fclk_clk_0.FCLK_CLK_0_BUFG/O
                         net (fo=1197, routed)        1.478    22.657    design_alu_i/ALU_0/inst/clk
    SLICE_X41Y92         FDCE                                         r  design_alu_i/ALU_0/inst/result_reg_reg[15]/C
                         clock pessimism              0.262    22.919    
                         clock uncertainty           -0.302    22.617    
    SLICE_X41Y92         FDCE (Setup_fdce_C_D)        0.031    22.648    design_alu_i/ALU_0/inst/result_reg_reg[15]
  -------------------------------------------------------------------
                         required time                         22.648    
                         arrival time                         -21.343    
  -------------------------------------------------------------------
                         slack                                  1.305    

Slack (MET) :             1.548ns  (required time - arrival time)
  Source:                 design_alu_i/axi_gpio_A/U0/gpio_core_1/Not_Dual.gpio_Data_Out_reg[7]/C
                            (rising edge-triggered cell FDRE clocked by clk_fpga_0  {rise@0.000ns fall@10.000ns period=20.000ns})
  Destination:            design_alu_i/ALU_0/inst/result_reg_reg[14]/D
                            (rising edge-triggered cell FDCE clocked by clk_fpga_0  {rise@0.000ns fall@10.000ns period=20.000ns})
  Path Group:             clk_fpga_0
  Path Type:              Setup (Max at Slow Process Corner)
  Requirement:            20.000ns  (clk_fpga_0 rise@20.000ns - clk_fpga_0 rise@0.000ns)
  Data Path Delay:        18.161ns  (logic 7.572ns (41.694%)  route 10.589ns (58.306%))
  Logic Levels:           26  (CARRY4=14 LUT3=3 LUT4=1 LUT5=5 LUT6=3)
  Clock Path Skew:        -0.018ns (DCD - SCD + CPR)
    Destination Clock Delay (DCD):    2.657ns = ( 22.657 - 20.000 ) 
    Source Clock Delay      (SCD):    2.937ns
    Clock Pessimism Removal (CPR):    0.262ns
  Clock Uncertainty:      0.302ns  ((TSJ^2 + TIJ^2)^1/2 + DJ) / 2 + PE
    Total System Jitter     (TSJ):    0.071ns
    Total Input Jitter      (TIJ):    0.600ns
    Discrete Jitter          (DJ):    0.000ns
    Phase Error              (PE):    0.000ns

    Location             Delay type                Incr(ns)  Path(ns)    Netlist Resource(s)
  -------------------------------------------------------------------    -------------------
                         (clock clk_fpga_0 rise edge)
                                                      0.000     0.000 r  
    PS7_X0Y0             PS7                          0.000     0.000 r  design_alu_i/processing_system7_0/inst/PS7_i/FCLKCLK[0]
                         net (fo=1, routed)           1.193     1.193    design_alu_i/processing_system7_0/inst/FCLK_CLK_unbuffered[0]
    BUFGCTRL_X0Y16       BUFG (Prop_bufg_I_O)         0.101     1.294 r  design_alu_i/processing_system7_0/inst/buffer_fclk_clk_0.FCLK_CLK_0_BUFG/O
                         net (fo=1197, routed)        1.643     2.937    design_alu_i/axi_gpio_A/U0/gpio_core_1/s_axi_aclk
    SLICE_X40Y83         FDRE                                         r  design_alu_i/axi_gpio_A/U0/gpio_core_1/Not_Dual.gpio_Data_Out_reg[7]/C
  -------------------------------------------------------------------    -------------------
    SLICE_X40Y83         FDRE (Prop_fdre_C_Q)         0.419     3.356 f  design_alu_i/axi_gpio_A/U0/gpio_core_1/Not_Dual.gpio_Data_Out_reg[7]/Q
                         net (fo=69, routed)          1.006     4.362    design_alu_i/ALU_0/inst/mult_inst/A[0]
    SLICE_X40Y83         LUT6 (Prop_lut6_I1_O)        0.299     4.661 r  design_alu_i/ALU_0/inst/mult_inst/reg_Q[7]_i_2/O
                         net (fo=4, routed)           0.624     5.285    design_alu_i/ALU_0/inst/mult_inst/A[5]_0
    SLICE_X39Y83         LUT3 (Prop_lut3_I1_O)        0.124     5.409 r  design_alu_i/ALU_0/inst/mult_inst/i___0_carry__0_i_9/O
                         net (fo=21, routed)          0.800     6.208    design_alu_i/ALU_0/inst/mult_inst/A_6_sn_1
    SLICE_X41Y84         LUT3 (Prop_lut3_I0_O)        0.124     6.332 r  design_alu_i/ALU_0/inst/mult_inst/i___0_carry__0_i_5/O
                         net (fo=1, routed)           0.000     6.332    design_alu_i/ALU_0/inst/mult_inst/i___0_carry__0_i_5_n_0
    SLICE_X41Y84         CARRY4 (Prop_carry4_S[3]_CO[3])
                                                      0.401     6.733 r  design_alu_i/ALU_0/inst/mult_inst/plusOp_inferred__2/i___0_carry__0/CO[3]
                         net (fo=1, routed)           0.000     6.733    design_alu_i/ALU_0/inst/mult_inst/plusOp_inferred__2/i___0_carry__0_n_0
    SLICE_X41Y85         CARRY4 (Prop_carry4_CI_O[0])
                                                      0.222     6.955 r  design_alu_i/ALU_0/inst/mult_inst/plusOp_inferred__2/i___0_carry__1/O[0]
                         net (fo=3, routed)           0.465     7.421    design_alu_i/ALU_0/inst/mult_inst/plusOp_inferred__2/i___0_carry__1_n_7
    SLICE_X40Y85         LUT5 (Prop_lut5_I1_O)        0.299     7.720 r  design_alu_i/ALU_0/inst/mult_inst/i___0_carry__0_i_1__3/O
                         net (fo=5, routed)           0.651     8.370    design_alu_i/ALU_0/inst/mult_inst/i___0_carry__0_i_1__3_n_0
    SLICE_X44Y85         CARRY4 (Prop_carry4_DI[3]_CO[3])
                                                      0.385     8.755 r  design_alu_i/ALU_0/inst/mult_inst/plusOp_inferred__4/i___0_carry__0/CO[3]
                         net (fo=1, routed)           0.000     8.755    design_alu_i/ALU_0/inst/mult_inst/plusOp_inferred__4/i___0_carry__0_n_0
    SLICE_X44Y86         CARRY4 (Prop_carry4_CI_O[0])
                                                      0.222     8.977 r  design_alu_i/ALU_0/inst/mult_inst/plusOp_inferred__4/i___0_carry__1/O[0]
                         net (fo=4, routed)           0.605     9.582    design_alu_i/ALU_0/inst/mult_inst/plusOp_inferred__4/i___0_carry__1_n_7
    SLICE_X48Y85         LUT5 (Prop_lut5_I1_O)        0.299     9.881 r  design_alu_i/ALU_0/inst/mult_inst/i___0_carry__0_i_1/O
                         net (fo=5, routed)           0.674    10.555    design_alu_i/ALU_0/inst/mult_inst/i___0_carry__0_i_1_n_0
    SLICE_X45Y86         CARRY4 (Prop_carry4_DI[3]_CO[3])
                                                      0.385    10.940 r  design_alu_i/ALU_0/inst/mult_inst/plusOp_inferred__6/i__carry__0/CO[3]
                         net (fo=1, routed)           0.000    10.940    design_alu_i/ALU_0/inst/mult_inst/plusOp_inferred__6/i__carry__0_n_0
    SLICE_X45Y87         CARRY4 (Prop_carry4_CI_O[0])
                                                      0.222    11.162 r  design_alu_i/ALU_0/inst/mult_inst/plusOp_inferred__6/i__carry__1/O[0]
                         net (fo=4, routed)           0.606    11.768    design_alu_i/ALU_0/inst/mult_inst/plusOp_inferred__6/i__carry__1_n_7
    SLICE_X49Y87         LUT5 (Prop_lut5_I0_O)        0.299    12.067 r  design_alu_i/ALU_0/inst/mult_inst/i___0_carry__0_i_1__0/O
                         net (fo=5, routed)           0.819    12.886    design_alu_i/ALU_0/inst/mult_inst/i___0_carry__0_i_1__0_n_0
    SLICE_X47Y87         CARRY4 (Prop_carry4_DI[3]_CO[3])
                                                      0.385    13.271 r  design_alu_i/ALU_0/inst/mult_inst/plusOp_inferred__8/i__carry__0/CO[3]
                         net (fo=1, routed)           0.000    13.271    design_alu_i/ALU_0/inst/mult_inst/plusOp_inferred__8/i__carry__0_n_0
    SLICE_X47Y88         CARRY4 (Prop_carry4_CI_O[0])
                                                      0.222    13.493 r  design_alu_i/ALU_0/inst/mult_inst/plusOp_inferred__8/i__carry__1/O[0]
                         net (fo=4, routed)           0.471    13.964    design_alu_i/ALU_0/inst/mult_inst/plusOp_inferred__8/i__carry__1_n_7
    SLICE_X46Y88         LUT5 (Prop_lut5_I0_O)        0.299    14.263 r  design_alu_i/ALU_0/inst/mult_inst/i___0_carry__0_i_1__2/O
                         net (fo=5, routed)           0.511    14.774    design_alu_i/ALU_0/inst/mult_inst/i___0_carry__0_i_1__2_n_0
    SLICE_X45Y89         CARRY4 (Prop_carry4_DI[3]_CO[3])
                                                      0.385    15.159 r  design_alu_i/ALU_0/inst/mult_inst/plusOp_inferred__10/i__carry__0/CO[3]
                         net (fo=1, routed)           0.000    15.159    design_alu_i/ALU_0/inst/mult_inst/plusOp_inferred__10/i__carry__0_n_0
    SLICE_X45Y90         CARRY4 (Prop_carry4_CI_O[0])
                                                      0.222    15.381 r  design_alu_i/ALU_0/inst/mult_inst/plusOp_inferred__10/i__carry__1/O[0]
                         net (fo=4, routed)           0.660    16.042    design_alu_i/ALU_0/inst/mult_inst/plusOp_inferred__10/i__carry__1_n_7
    SLICE_X46Y90         LUT5 (Prop_lut5_I0_O)        0.299    16.341 r  design_alu_i/ALU_0/inst/mult_inst/i___0_carry__0_i_1__1/O
                         net (fo=4, routed)           0.642    16.983    design_alu_i/ALU_0/inst/mult_inst/i___0_carry__0_i_1__1_n_0
    SLICE_X44Y91         CARRY4 (Prop_carry4_DI[3]_CO[3])
                                                      0.385    17.368 r  design_alu_i/ALU_0/inst/mult_inst/plusOp_inferred__12/i__carry__0/CO[3]
                         net (fo=1, routed)           0.000    17.368    design_alu_i/ALU_0/inst/mult_inst/plusOp_inferred__12/i__carry__0_n_0
    SLICE_X44Y92         CARRY4 (Prop_carry4_CI_O[0])
                                                      0.222    17.590 r  design_alu_i/ALU_0/inst/mult_inst/plusOp_inferred__12/i__carry__1/O[0]
                         net (fo=3, routed)           0.519    18.108    design_alu_i/ALU_0/inst/mult_inst/plusOp_inferred__12/i__carry__1_n_7
    SLICE_X45Y92         LUT3 (Prop_lut3_I2_O)        0.299    18.407 f  design_alu_i/ALU_0/inst/mult_inst/i__carry__0_i_6/O
                         net (fo=1, routed)           0.340    18.747    design_alu_i/ALU_0/inst/mult_inst/i__carry__0_i_6_n_0
    SLICE_X45Y91         LUT6 (Prop_lut6_I0_O)        0.124    18.871 r  design_alu_i/ALU_0/inst/mult_inst/i__carry__0_i_1__0/O
                         net (fo=3, routed)           0.494    19.365    design_alu_i/ALU_0/inst/mult_inst/p[16]
    SLICE_X41Y90         CARRY4 (Prop_carry4_DI[3]_CO[3])
                                                      0.385    19.750 r  design_alu_i/ALU_0/inst/mult_inst/plusOp_inferred__14/i__carry__0/CO[3]
                         net (fo=1, routed)           0.000    19.750    design_alu_i/ALU_0/inst/mult_inst/plusOp_inferred__14/i__carry__0_n_0
    SLICE_X41Y91         CARRY4 (Prop_carry4_CI_O[0])
                                                      0.222    19.972 r  design_alu_i/ALU_0/inst/mult_inst/plusOp_inferred__14/i__carry__1/O[0]
                         net (fo=1, routed)           0.549    20.521    design_alu_i/ALU_0/inst/mult_inst/plusOp_inferred__14/i__carry__1_n_7
    SLICE_X41Y92         LUT4 (Prop_lut4_I0_O)        0.299    20.820 r  design_alu_i/ALU_0/inst/mult_inst/result_reg[14]_i_2/O
                         net (fo=1, routed)           0.154    20.974    design_alu_i/ALU_0/inst/mult_inst/result_reg[14]_i_2_n_0
    SLICE_X41Y92         LUT6 (Prop_lut6_I4_O)        0.124    21.098 r  design_alu_i/ALU_0/inst/mult_inst/result_reg[14]_i_1/O
                         net (fo=1, routed)           0.000    21.098    design_alu_i/ALU_0/inst/p_1_in[14]
    SLICE_X41Y92         FDCE                                         r  design_alu_i/ALU_0/inst/result_reg_reg[14]/D
  -------------------------------------------------------------------    -------------------

                         (clock clk_fpga_0 rise edge)
                                                     20.000    20.000 r  
    PS7_X0Y0             PS7                          0.000    20.000 r  design_alu_i/processing_system7_0/inst/PS7_i/FCLKCLK[0]
                         net (fo=1, routed)           1.088    21.088    design_alu_i/processing_system7_0/inst/FCLK_CLK_unbuffered[0]
    BUFGCTRL_X0Y16       BUFG (Prop_bufg_I_O)         0.091    21.179 r  design_alu_i/processing_system7_0/inst/buffer_fclk_clk_0.FCLK_CLK_0_BUFG/O
                         net (fo=1197, routed)        1.478    22.657    design_alu_i/ALU_0/inst/clk
    SLICE_X41Y92         FDCE                                         r  design_alu_i/ALU_0/inst/result_reg_reg[14]/C
                         clock pessimism              0.262    22.919    
                         clock uncertainty           -0.302    22.617    
    SLICE_X41Y92         FDCE (Setup_fdce_C_D)        0.029    22.646    design_alu_i/ALU_0/inst/result_reg_reg[14]
  -------------------------------------------------------------------
                         required time                         22.646    
                         arrival time                         -21.098    
  -------------------------------------------------------------------
                         slack                                  1.548    

Slack (MET) :             2.766ns  (required time - arrival time)
  Source:                 design_alu_i/axi_gpio_A/U0/gpio_core_1/Not_Dual.gpio_Data_Out_reg[7]/C
                            (rising edge-triggered cell FDRE clocked by clk_fpga_0  {rise@0.000ns fall@10.000ns period=20.000ns})
  Destination:            design_alu_i/ALU_0/inst/result_reg_reg[13]/D
                            (rising edge-triggered cell FDCE clocked by clk_fpga_0  {rise@0.000ns fall@10.000ns period=20.000ns})
  Path Group:             clk_fpga_0
  Path Type:              Setup (Max at Slow Process Corner)
  Requirement:            20.000ns  (clk_fpga_0 rise@20.000ns - clk_fpga_0 rise@0.000ns)
  Data Path Delay:        16.957ns  (logic 7.096ns (41.847%)  route 9.861ns (58.153%))
  Logic Levels:           24  (CARRY4=13 LUT3=2 LUT4=1 LUT5=5 LUT6=3)
  Clock Path Skew:        -0.052ns (DCD - SCD + CPR)
    Destination Clock Delay (DCD):    2.656ns = ( 22.656 - 20.000 ) 
    Source Clock Delay      (SCD):    2.937ns
    Clock Pessimism Removal (CPR):    0.229ns
  Clock Uncertainty:      0.302ns  ((TSJ^2 + TIJ^2)^1/2 + DJ) / 2 + PE
    Total System Jitter     (TSJ):    0.071ns
    Total Input Jitter      (TIJ):    0.600ns
    Discrete Jitter          (DJ):    0.000ns
    Phase Error              (PE):    0.000ns

    Location             Delay type                Incr(ns)  Path(ns)    Netlist Resource(s)
  -------------------------------------------------------------------    -------------------
                         (clock clk_fpga_0 rise edge)
                                                      0.000     0.000 r  
    PS7_X0Y0             PS7                          0.000     0.000 r  design_alu_i/processing_system7_0/inst/PS7_i/FCLKCLK[0]
                         net (fo=1, routed)           1.193     1.193    design_alu_i/processing_system7_0/inst/FCLK_CLK_unbuffered[0]
    BUFGCTRL_X0Y16       BUFG (Prop_bufg_I_O)         0.101     1.294 r  design_alu_i/processing_system7_0/inst/buffer_fclk_clk_0.FCLK_CLK_0_BUFG/O
                         net (fo=1197, routed)        1.643     2.937    design_alu_i/axi_gpio_A/U0/gpio_core_1/s_axi_aclk
    SLICE_X40Y83         FDRE                                         r  design_alu_i/axi_gpio_A/U0/gpio_core_1/Not_Dual.gpio_Data_Out_reg[7]/C
  -------------------------------------------------------------------    -------------------
    SLICE_X40Y83         FDRE (Prop_fdre_C_Q)         0.419     3.356 f  design_alu_i/axi_gpio_A/U0/gpio_core_1/Not_Dual.gpio_Data_Out_reg[7]/Q
                         net (fo=69, routed)          1.006     4.362    design_alu_i/ALU_0/inst/mult_inst/A[0]
    SLICE_X40Y83         LUT6 (Prop_lut6_I1_O)        0.299     4.661 r  design_alu_i/ALU_0/inst/mult_inst/reg_Q[7]_i_2/O
                         net (fo=4, routed)           0.624     5.285    design_alu_i/ALU_0/inst/mult_inst/A[5]_0
    SLICE_X39Y83         LUT3 (Prop_lut3_I1_O)        0.124     5.409 r  design_alu_i/ALU_0/inst/mult_inst/i___0_carry__0_i_9/O
                         net (fo=21, routed)          0.800     6.208    design_alu_i/ALU_0/inst/mult_inst/A_6_sn_1
    SLICE_X41Y84         LUT3 (Prop_lut3_I0_O)        0.124     6.332 r  design_alu_i/ALU_0/inst/mult_inst/i___0_carry__0_i_5/O
                         net (fo=1, routed)           0.000     6.332    design_alu_i/ALU_0/inst/mult_inst/i___0_carry__0_i_5_n_0
    SLICE_X41Y84         CARRY4 (Prop_carry4_S[3]_CO[3])
                                                      0.401     6.733 r  design_alu_i/ALU_0/inst/mult_inst/plusOp_inferred__2/i___0_carry__0/CO[3]
                         net (fo=1, routed)           0.000     6.733    design_alu_i/ALU_0/inst/mult_inst/plusOp_inferred__2/i___0_carry__0_n_0
    SLICE_X41Y85         CARRY4 (Prop_carry4_CI_O[0])
                                                      0.222     6.955 r  design_alu_i/ALU_0/inst/mult_inst/plusOp_inferred__2/i___0_carry__1/O[0]
                         net (fo=3, routed)           0.465     7.421    design_alu_i/ALU_0/inst/mult_inst/plusOp_inferred__2/i___0_carry__1_n_7
    SLICE_X40Y85         LUT5 (Prop_lut5_I1_O)        0.299     7.720 r  design_alu_i/ALU_0/inst/mult_inst/i___0_carry__0_i_1__3/O
                         net (fo=5, routed)           0.651     8.370    design_alu_i/ALU_0/inst/mult_inst/i___0_carry__0_i_1__3_n_0
    SLICE_X44Y85         CARRY4 (Prop_carry4_DI[3]_CO[3])
                                                      0.385     8.755 r  design_alu_i/ALU_0/inst/mult_inst/plusOp_inferred__4/i___0_carry__0/CO[3]
                         net (fo=1, routed)           0.000     8.755    design_alu_i/ALU_0/inst/mult_inst/plusOp_inferred__4/i___0_carry__0_n_0
    SLICE_X44Y86         CARRY4 (Prop_carry4_CI_O[0])
                                                      0.222     8.977 r  design_alu_i/ALU_0/inst/mult_inst/plusOp_inferred__4/i___0_carry__1/O[0]
                         net (fo=4, routed)           0.605     9.582    design_alu_i/ALU_0/inst/mult_inst/plusOp_inferred__4/i___0_carry__1_n_7
    SLICE_X48Y85         LUT5 (Prop_lut5_I1_O)        0.299     9.881 r  design_alu_i/ALU_0/inst/mult_inst/i___0_carry__0_i_1/O
                         net (fo=5, routed)           0.674    10.555    design_alu_i/ALU_0/inst/mult_inst/i___0_carry__0_i_1_n_0
    SLICE_X45Y86         CARRY4 (Prop_carry4_DI[3]_CO[3])
                                                      0.385    10.940 r  design_alu_i/ALU_0/inst/mult_inst/plusOp_inferred__6/i__carry__0/CO[3]
                         net (fo=1, routed)           0.000    10.940    design_alu_i/ALU_0/inst/mult_inst/plusOp_inferred__6/i__carry__0_n_0
    SLICE_X45Y87         CARRY4 (Prop_carry4_CI_O[0])
                                                      0.222    11.162 r  design_alu_i/ALU_0/inst/mult_inst/plusOp_inferred__6/i__carry__1/O[0]
                         net (fo=4, routed)           0.606    11.768    design_alu_i/ALU_0/inst/mult_inst/plusOp_inferred__6/i__carry__1_n_7
    SLICE_X49Y87         LUT5 (Prop_lut5_I0_O)        0.299    12.067 r  design_alu_i/ALU_0/inst/mult_inst/i___0_carry__0_i_1__0/O
                         net (fo=5, routed)           0.819    12.886    design_alu_i/ALU_0/inst/mult_inst/i___0_carry__0_i_1__0_n_0
    SLICE_X47Y87         CARRY4 (Prop_carry4_DI[3]_CO[3])
                                                      0.385    13.271 r  design_alu_i/ALU_0/inst/mult_inst/plusOp_inferred__8/i__carry__0/CO[3]
                         net (fo=1, routed)           0.000    13.271    design_alu_i/ALU_0/inst/mult_inst/plusOp_inferred__8/i__carry__0_n_0
    SLICE_X47Y88         CARRY4 (Prop_carry4_CI_O[0])
                                                      0.222    13.493 r  design_alu_i/ALU_0/inst/mult_inst/plusOp_inferred__8/i__carry__1/O[0]
                         net (fo=4, routed)           0.471    13.964    design_alu_i/ALU_0/inst/mult_inst/plusOp_inferred__8/i__carry__1_n_7
    SLICE_X46Y88         LUT5 (Prop_lut5_I0_O)        0.299    14.263 r  design_alu_i/ALU_0/inst/mult_inst/i___0_carry__0_i_1__2/O
                         net (fo=5, routed)           0.511    14.774    design_alu_i/ALU_0/inst/mult_inst/i___0_carry__0_i_1__2_n_0
    SLICE_X45Y89         CARRY4 (Prop_carry4_DI[3]_CO[3])
                                                      0.385    15.159 r  design_alu_i/ALU_0/inst/mult_inst/plusOp_inferred__10/i__carry__0/CO[3]
                         net (fo=1, routed)           0.000    15.159    design_alu_i/ALU_0/inst/mult_inst/plusOp_inferred__10/i__carry__0_n_0
    SLICE_X45Y90         CARRY4 (Prop_carry4_CI_O[0])
                                                      0.222    15.381 r  design_alu_i/ALU_0/inst/mult_inst/plusOp_inferred__10/i__carry__1/O[0]
                         net (fo=4, routed)           0.660    16.042    design_alu_i/ALU_0/inst/mult_inst/plusOp_inferred__10/i__carry__1_n_7
    SLICE_X46Y90         LUT5 (Prop_lut5_I0_O)        0.299    16.341 r  design_alu_i/ALU_0/inst/mult_inst/i___0_carry__0_i_1__1/O
                         net (fo=4, routed)           0.642    16.983    design_alu_i/ALU_0/inst/mult_inst/i___0_carry__0_i_1__1_n_0
    SLICE_X44Y91         CARRY4 (Prop_carry4_DI[3]_CO[3])
                                                      0.385    17.368 r  design_alu_i/ALU_0/inst/mult_inst/plusOp_inferred__12/i__carry__0/CO[3]
                         net (fo=1, routed)           0.000    17.368    design_alu_i/ALU_0/inst/mult_inst/plusOp_inferred__12/i__carry__0_n_0
    SLICE_X44Y92         CARRY4 (Prop_carry4_CI_O[0])
                                                      0.222    17.590 r  design_alu_i/ALU_0/inst/mult_inst/plusOp_inferred__12/i__carry__1/O[0]
                         net (fo=3, routed)           0.591    18.180    design_alu_i/ALU_0/inst/mult_inst/plusOp_inferred__12/i__carry__1_n_7
    SLICE_X41Y90         LUT6 (Prop_lut6_I4_O)        0.299    18.479 r  design_alu_i/ALU_0/inst/mult_inst/i__carry__0_i_2__4/O
                         net (fo=1, routed)           0.000    18.479    design_alu_i/ALU_0/inst/mult_inst/i__carry__0_i_2__4_n_0
    SLICE_X41Y90         CARRY4 (Prop_carry4_S[3]_O[3])
                                                      0.248    18.727 r  design_alu_i/ALU_0/inst/mult_inst/plusOp_inferred__14/i__carry__0/O[3]
                         net (fo=1, routed)           0.423    19.150    design_alu_i/ALU_0/inst/mult_inst/plusOp_inferred__14/i__carry__0_n_4
    SLICE_X40Y90         LUT4 (Prop_lut4_I0_O)        0.306    19.456 r  design_alu_i/ALU_0/inst/mult_inst/result_reg[13]_i_2/O
                         net (fo=1, routed)           0.314    19.770    design_alu_i/ALU_0/inst/mult_inst/result_reg[13]_i_2_n_0
    SLICE_X38Y90         LUT6 (Prop_lut6_I4_O)        0.124    19.894 r  design_alu_i/ALU_0/inst/mult_inst/result_reg[13]_i_1/O
                         net (fo=1, routed)           0.000    19.894    design_alu_i/ALU_0/inst/p_1_in[13]
    SLICE_X38Y90         FDCE                                         r  design_alu_i/ALU_0/inst/result_reg_reg[13]/D
  -------------------------------------------------------------------    -------------------

                         (clock clk_fpga_0 rise edge)
                                                     20.000    20.000 r  
    PS7_X0Y0             PS7                          0.000    20.000 r  design_alu_i/processing_system7_0/inst/PS7_i/FCLKCLK[0]
                         net (fo=1, routed)           1.088    21.088    design_alu_i/processing_system7_0/inst/FCLK_CLK_unbuffered[0]
    BUFGCTRL_X0Y16       BUFG (Prop_bufg_I_O)         0.091    21.179 r  design_alu_i/processing_system7_0/inst/buffer_fclk_clk_0.FCLK_CLK_0_BUFG/O
                         net (fo=1197, routed)        1.477    22.656    design_alu_i/ALU_0/inst/clk
    SLICE_X38Y90         FDCE                                         r  design_alu_i/ALU_0/inst/result_reg_reg[13]/C
                         clock pessimism              0.229    22.885    
                         clock uncertainty           -0.302    22.583    
    SLICE_X38Y90         FDCE (Setup_fdce_C_D)        0.077    22.660    design_alu_i/ALU_0/inst/result_reg_reg[13]
  -------------------------------------------------------------------
                         required time                         22.660    
                         arrival time                         -19.894    
  -------------------------------------------------------------------
                         slack                                  2.766    

Slack (MET) :             2.977ns  (required time - arrival time)
  Source:                 design_alu_i/axi_gpio_A/U0/gpio_core_1/Not_Dual.gpio_Data_Out_reg[7]/C
                            (rising edge-triggered cell FDRE clocked by clk_fpga_0  {rise@0.000ns fall@10.000ns period=20.000ns})
  Destination:            design_alu_i/ALU_0/inst/result_reg_reg[11]/D
                            (rising edge-triggered cell FDCE clocked by clk_fpga_0  {rise@0.000ns fall@10.000ns period=20.000ns})
  Path Group:             clk_fpga_0
  Path Type:              Setup (Max at Slow Process Corner)
  Requirement:            20.000ns  (clk_fpga_0 rise@20.000ns - clk_fpga_0 rise@0.000ns)
  Data Path Delay:        16.731ns  (logic 6.782ns (40.535%)  route 9.949ns (59.466%))
  Logic Levels:           23  (CARRY4=7 LUT2=2 LUT3=1 LUT4=2 LUT5=5 LUT6=6)
  Clock Path Skew:        -0.019ns (DCD - SCD + CPR)
    Destination Clock Delay (DCD):    2.656ns = ( 22.656 - 20.000 ) 
    Source Clock Delay      (SCD):    2.937ns
    Clock Pessimism Removal (CPR):    0.262ns
  Clock Uncertainty:      0.302ns  ((TSJ^2 + TIJ^2)^1/2 + DJ) / 2 + PE
    Total System Jitter     (TSJ):    0.071ns
    Total Input Jitter      (TIJ):    0.600ns
    Discrete Jitter          (DJ):    0.000ns
    Phase Error              (PE):    0.000ns

    Location             Delay type                Incr(ns)  Path(ns)    Netlist Resource(s)
  -------------------------------------------------------------------    -------------------
                         (clock clk_fpga_0 rise edge)
                                                      0.000     0.000 r  
    PS7_X0Y0             PS7                          0.000     0.000 r  design_alu_i/processing_system7_0/inst/PS7_i/FCLKCLK[0]
                         net (fo=1, routed)           1.193     1.193    design_alu_i/processing_system7_0/inst/FCLK_CLK_unbuffered[0]
    BUFGCTRL_X0Y16       BUFG (Prop_bufg_I_O)         0.101     1.294 r  design_alu_i/processing_system7_0/inst/buffer_fclk_clk_0.FCLK_CLK_0_BUFG/O
                         net (fo=1197, routed)        1.643     2.937    design_alu_i/axi_gpio_A/U0/gpio_core_1/s_axi_aclk
    SLICE_X40Y83         FDRE                                         r  design_alu_i/axi_gpio_A/U0/gpio_core_1/Not_Dual.gpio_Data_Out_reg[7]/C
  -------------------------------------------------------------------    -------------------
    SLICE_X40Y83         FDRE (Prop_fdre_C_Q)         0.419     3.356 f  design_alu_i/axi_gpio_A/U0/gpio_core_1/Not_Dual.gpio_Data_Out_reg[7]/Q
                         net (fo=69, routed)          1.006     4.362    design_alu_i/ALU_0/inst/mult_inst/A[0]
    SLICE_X40Y83         LUT6 (Prop_lut6_I1_O)        0.299     4.661 r  design_alu_i/ALU_0/inst/mult_inst/reg_Q[7]_i_2/O
                         net (fo=4, routed)           0.671     5.332    design_alu_i/ALU_0/inst/mult_inst/A[5]_0
    SLICE_X40Y84         LUT2 (Prop_lut2_I1_O)        0.124     5.456 r  design_alu_i/ALU_0/inst/mult_inst/reg_Q[6]_i_2/O
                         net (fo=14, routed)          0.610     6.066    design_alu_i/ALU_0/inst/mult_inst/A[6]_0
    SLICE_X41Y84         LUT3 (Prop_lut3_I0_O)        0.124     6.190 r  design_alu_i/ALU_0/inst/mult_inst/i___0_carry__0_i_6/O
                         net (fo=1, routed)           0.000     6.190    design_alu_i/ALU_0/inst/mult_inst/i___0_carry__0_i_6_n_0
    SLICE_X41Y84         CARRY4 (Prop_carry4_S[2]_O[2])
                                                      0.248     6.438 r  design_alu_i/ALU_0/inst/mult_inst/plusOp_inferred__2/i___0_carry__0/O[2]
                         net (fo=2, routed)           0.575     7.013    design_alu_i/ALU_0/inst/mult_inst/plusOp_inferred__2/i___0_carry__0_n_5
    SLICE_X45Y84         LUT5 (Prop_lut5_I4_O)        0.302     7.315 r  design_alu_i/ALU_0/inst/mult_inst/i___0_carry__0_i_3__0/O
                         net (fo=5, routed)           0.511     7.826    design_alu_i/ALU_0/inst/mult_inst/i___0_carry__0_i_3__0_n_0
    SLICE_X43Y85         CARRY4 (Prop_carry4_DI[1]_O[2])
                                                      0.537     8.363 r  design_alu_i/ALU_0/inst/mult_inst/plusOp_inferred__4/i__carry__0/O[2]
                         net (fo=2, routed)           0.504     8.867    design_alu_i/ALU_0/inst/mult_inst/plusOp_inferred__4/i__carry__0_n_5
    SLICE_X45Y84         LUT5 (Prop_lut5_I4_O)        0.302     9.169 r  design_alu_i/ALU_0/inst/mult_inst/i___0_carry__0_i_3/O
                         net (fo=6, routed)           0.613     9.783    design_alu_i/ALU_0/inst/mult_inst/i___0_carry__0_i_3_n_0
    SLICE_X46Y86         LUT6 (Prop_lut6_I0_O)        0.124     9.907 r  design_alu_i/ALU_0/inst/mult_inst/i___0_carry__0_i_7__0__0/O
                         net (fo=1, routed)           0.000     9.907    design_alu_i/ALU_0/inst/mult_inst/i___0_carry__0_i_7__0__0_n_0
    SLICE_X46Y86         CARRY4 (Prop_carry4_S[1]_O[2])
                                                      0.578    10.485 r  design_alu_i/ALU_0/inst/mult_inst/plusOp_inferred__6/i___0_carry__0/O[2]
                         net (fo=2, routed)           0.425    10.910    design_alu_i/ALU_0/inst/mult_inst/plusOp_inferred__6/i___0_carry__0_n_5
    SLICE_X47Y85         LUT5 (Prop_lut5_I4_O)        0.301    11.211 r  design_alu_i/ALU_0/inst/mult_inst/i___0_carry__0_i_3__3/O
                         net (fo=7, routed)           0.637    11.848    design_alu_i/ALU_0/inst/mult_inst/i___0_carry__0_i_3__3_n_0
    SLICE_X48Y87         LUT6 (Prop_lut6_I0_O)        0.124    11.972 r  design_alu_i/ALU_0/inst/mult_inst/i___0_carry__0_i_7__1__0/O
                         net (fo=1, routed)           0.000    11.972    design_alu_i/ALU_0/inst/mult_inst/i___0_carry__0_i_7__1__0_n_0
    SLICE_X48Y87         CARRY4 (Prop_carry4_S[1]_O[2])
                                                      0.580    12.552 r  design_alu_i/ALU_0/inst/mult_inst/plusOp_inferred__8/i___0_carry__0/O[2]
                         net (fo=3, routed)           0.624    13.176    design_alu_i/ALU_0/inst/mult_inst/plusOp_inferred__8/i___0_carry__0_n_5
    SLICE_X46Y88         LUT5 (Prop_lut5_I3_O)        0.302    13.478 r  design_alu_i/ALU_0/inst/mult_inst/i___0_carry__0_i_3__1/O
                         net (fo=5, routed)           0.336    13.814    design_alu_i/ALU_0/inst/mult_inst/i___0_carry__0_i_3__1_n_0
    SLICE_X44Y88         LUT6 (Prop_lut6_I0_O)        0.124    13.938 r  design_alu_i/ALU_0/inst/mult_inst/i___0_carry__0_i_6__0__0/O
                         net (fo=1, routed)           0.000    13.938    design_alu_i/ALU_0/inst/mult_inst/i___0_carry__0_i_6__0__0_n_0
    SLICE_X44Y88         CARRY4 (Prop_carry4_S[1]_O[1])
                                                      0.227    14.165 f  design_alu_i/ALU_0/inst/mult_inst/plusOp_inferred__10/i___0_carry__0/O[1]
                         net (fo=3, routed)           0.858    15.022    design_alu_i/ALU_0/inst/mult_inst/plusOp_inferred__10/i___0_carry__0_n_6
    SLICE_X47Y89         LUT4 (Prop_lut4_I3_O)        0.331    15.353 f  design_alu_i/ALU_0/inst/mult_inst/result_reg[9]_i_6/O
                         net (fo=1, routed)           0.433    15.787    design_alu_i/ALU_0/inst/mult_inst/result_reg[9]_i_6_n_0
    SLICE_X47Y89         LUT6 (Prop_lut6_I5_O)        0.326    16.113 r  design_alu_i/ALU_0/inst/mult_inst/result_reg[9]_i_4/O
                         net (fo=1, routed)           0.476    16.588    design_alu_i/ALU_0/inst/mult_inst/result_reg[9]_i_4_n_0
    SLICE_X46Y89         LUT5 (Prop_lut5_I4_O)        0.124    16.712 r  design_alu_i/ALU_0/inst/mult_inst/result_reg[9]_i_2/O
                         net (fo=3, routed)           0.612    17.324    design_alu_i/ALU_0/inst/mult_inst/result_reg[9]_i_2_n_0
    SLICE_X41Y89         LUT2 (Prop_lut2_I0_O)        0.124    17.448 r  design_alu_i/ALU_0/inst/mult_inst/i__carry_i_1__4/O
                         net (fo=1, routed)           0.000    17.448    design_alu_i/ALU_0/inst/mult_inst/i__carry_i_1__4_n_0
    SLICE_X41Y89         CARRY4 (Prop_carry4_S[3]_CO[3])
                                                      0.401    17.849 r  design_alu_i/ALU_0/inst/mult_inst/plusOp_inferred__14/i__carry/CO[3]
                         net (fo=1, routed)           0.000    17.849    design_alu_i/ALU_0/inst/mult_inst/plusOp_inferred__14/i__carry_n_0
    SLICE_X41Y90         CARRY4 (Prop_carry4_CI_O[1])
                                                      0.334    18.183 r  design_alu_i/ALU_0/inst/mult_inst/plusOp_inferred__14/i__carry__0/O[1]
                         net (fo=1, routed)           0.614    18.797    design_alu_i/ALU_0/inst/mult_inst/plusOp_inferred__14/i__carry__0_n_6
    SLICE_X40Y90         LUT4 (Prop_lut4_I0_O)        0.303    19.100 r  design_alu_i/ALU_0/inst/mult_inst/result_reg[11]_i_3/O
                         net (fo=1, routed)           0.444    19.544    design_alu_i/ALU_0/inst/mult_inst/result_reg[11]_i_3_n_0
    SLICE_X40Y90         LUT6 (Prop_lut6_I4_O)        0.124    19.668 r  design_alu_i/ALU_0/inst/mult_inst/result_reg[11]_i_1/O
                         net (fo=1, routed)           0.000    19.668    design_alu_i/ALU_0/inst/p_1_in[11]
    SLICE_X40Y90         FDCE                                         r  design_alu_i/ALU_0/inst/result_reg_reg[11]/D
  -------------------------------------------------------------------    -------------------

                         (clock clk_fpga_0 rise edge)
                                                     20.000    20.000 r  
    PS7_X0Y0             PS7                          0.000    20.000 r  design_alu_i/processing_system7_0/inst/PS7_i/FCLKCLK[0]
                         net (fo=1, routed)           1.088    21.088    design_alu_i/processing_system7_0/inst/FCLK_CLK_unbuffered[0]
    BUFGCTRL_X0Y16       BUFG (Prop_bufg_I_O)         0.091    21.179 r  design_alu_i/processing_system7_0/inst/buffer_fclk_clk_0.FCLK_CLK_0_BUFG/O
                         net (fo=1197, routed)        1.477    22.656    design_alu_i/ALU_0/inst/clk
    SLICE_X40Y90         FDCE                                         r  design_alu_i/ALU_0/inst/result_reg_reg[11]/C
                         clock pessimism              0.262    22.918    
                         clock uncertainty           -0.302    22.616    
    SLICE_X40Y90         FDCE (Setup_fdce_C_D)        0.029    22.645    design_alu_i/ALU_0/inst/result_reg_reg[11]
  -------------------------------------------------------------------
                         required time                         22.645    
                         arrival time                         -19.668    
  -------------------------------------------------------------------
                         slack                                  2.977    

Slack (MET) :             3.128ns  (required time - arrival time)
  Source:                 design_alu_i/axi_gpio_A/U0/gpio_core_1/Not_Dual.gpio_Data_Out_reg[7]/C
                            (rising edge-triggered cell FDRE clocked by clk_fpga_0  {rise@0.000ns fall@10.000ns period=20.000ns})
  Destination:            design_alu_i/ALU_0/inst/result_reg_reg[10]/D
                            (rising edge-triggered cell FDCE clocked by clk_fpga_0  {rise@0.000ns fall@10.000ns period=20.000ns})
  Path Group:             clk_fpga_0
  Path Type:              Setup (Max at Slow Process Corner)
  Requirement:            20.000ns  (clk_fpga_0 rise@20.000ns - clk_fpga_0 rise@0.000ns)
  Data Path Delay:        16.581ns  (logic 6.666ns (40.202%)  route 9.915ns (59.798%))
  Logic Levels:           23  (CARRY4=7 LUT2=2 LUT3=1 LUT4=2 LUT5=5 LUT6=6)
  Clock Path Skew:        -0.018ns (DCD - SCD + CPR)
    Destination Clock Delay (DCD):    2.657ns = ( 22.657 - 20.000 ) 
    Source Clock Delay      (SCD):    2.937ns
    Clock Pessimism Removal (CPR):    0.262ns
  Clock Uncertainty:      0.302ns  ((TSJ^2 + TIJ^2)^1/2 + DJ) / 2 + PE
    Total System Jitter     (TSJ):    0.071ns
    Total Input Jitter      (TIJ):    0.600ns
    Discrete Jitter          (DJ):    0.000ns
    Phase Error              (PE):    0.000ns

    Location             Delay type                Incr(ns)  Path(ns)    Netlist Resource(s)
  -------------------------------------------------------------------    -------------------
                         (clock clk_fpga_0 rise edge)
                                                      0.000     0.000 r  
    PS7_X0Y0             PS7                          0.000     0.000 r  design_alu_i/processing_system7_0/inst/PS7_i/FCLKCLK[0]
                         net (fo=1, routed)           1.193     1.193    design_alu_i/processing_system7_0/inst/FCLK_CLK_unbuffered[0]
    BUFGCTRL_X0Y16       BUFG (Prop_bufg_I_O)         0.101     1.294 r  design_alu_i/processing_system7_0/inst/buffer_fclk_clk_0.FCLK_CLK_0_BUFG/O
                         net (fo=1197, routed)        1.643     2.937    design_alu_i/axi_gpio_A/U0/gpio_core_1/s_axi_aclk
    SLICE_X40Y83         FDRE                                         r  design_alu_i/axi_gpio_A/U0/gpio_core_1/Not_Dual.gpio_Data_Out_reg[7]/C
  -------------------------------------------------------------------    -------------------
    SLICE_X40Y83         FDRE (Prop_fdre_C_Q)         0.419     3.356 f  design_alu_i/axi_gpio_A/U0/gpio_core_1/Not_Dual.gpio_Data_Out_reg[7]/Q
                         net (fo=69, routed)          1.006     4.362    design_alu_i/ALU_0/inst/mult_inst/A[0]
    SLICE_X40Y83         LUT6 (Prop_lut6_I1_O)        0.299     4.661 r  design_alu_i/ALU_0/inst/mult_inst/reg_Q[7]_i_2/O
                         net (fo=4, routed)           0.671     5.332    design_alu_i/ALU_0/inst/mult_inst/A[5]_0
    SLICE_X40Y84         LUT2 (Prop_lut2_I1_O)        0.124     5.456 r  design_alu_i/ALU_0/inst/mult_inst/reg_Q[6]_i_2/O
                         net (fo=14, routed)          0.610     6.066    design_alu_i/ALU_0/inst/mult_inst/A[6]_0
    SLICE_X41Y84         LUT3 (Prop_lut3_I0_O)        0.124     6.190 r  design_alu_i/ALU_0/inst/mult_inst/i___0_carry__0_i_6/O
                         net (fo=1, routed)           0.000     6.190    design_alu_i/ALU_0/inst/mult_inst/i___0_carry__0_i_6_n_0
    SLICE_X41Y84         CARRY4 (Prop_carry4_S[2]_O[2])
                                                      0.248     6.438 r  design_alu_i/ALU_0/inst/mult_inst/plusOp_inferred__2/i___0_carry__0/O[2]
                         net (fo=2, routed)           0.575     7.013    design_alu_i/ALU_0/inst/mult_inst/plusOp_inferred__2/i___0_carry__0_n_5
    SLICE_X45Y84         LUT5 (Prop_lut5_I4_O)        0.302     7.315 r  design_alu_i/ALU_0/inst/mult_inst/i___0_carry__0_i_3__0/O
                         net (fo=5, routed)           0.511     7.826    design_alu_i/ALU_0/inst/mult_inst/i___0_carry__0_i_3__0_n_0
    SLICE_X43Y85         CARRY4 (Prop_carry4_DI[1]_O[2])
                                                      0.537     8.363 r  design_alu_i/ALU_0/inst/mult_inst/plusOp_inferred__4/i__carry__0/O[2]
                         net (fo=2, routed)           0.504     8.867    design_alu_i/ALU_0/inst/mult_inst/plusOp_inferred__4/i__carry__0_n_5
    SLICE_X45Y84         LUT5 (Prop_lut5_I4_O)        0.302     9.169 r  design_alu_i/ALU_0/inst/mult_inst/i___0_carry__0_i_3/O
                         net (fo=6, routed)           0.613     9.783    design_alu_i/ALU_0/inst/mult_inst/i___0_carry__0_i_3_n_0
    SLICE_X46Y86         LUT6 (Prop_lut6_I0_O)        0.124     9.907 r  design_alu_i/ALU_0/inst/mult_inst/i___0_carry__0_i_7__0__0/O
                         net (fo=1, routed)           0.000     9.907    design_alu_i/ALU_0/inst/mult_inst/i___0_carry__0_i_7__0__0_n_0
    SLICE_X46Y86         CARRY4 (Prop_carry4_S[1]_O[2])
                                                      0.578    10.485 r  design_alu_i/ALU_0/inst/mult_inst/plusOp_inferred__6/i___0_carry__0/O[2]
                         net (fo=2, routed)           0.425    10.910    design_alu_i/ALU_0/inst/mult_inst/plusOp_inferred__6/i___0_carry__0_n_5
    SLICE_X47Y85         LUT5 (Prop_lut5_I4_O)        0.301    11.211 r  design_alu_i/ALU_0/inst/mult_inst/i___0_carry__0_i_3__3/O
                         net (fo=7, routed)           0.637    11.848    design_alu_i/ALU_0/inst/mult_inst/i___0_carry__0_i_3__3_n_0
    SLICE_X48Y87         LUT6 (Prop_lut6_I0_O)        0.124    11.972 r  design_alu_i/ALU_0/inst/mult_inst/i___0_carry__0_i_7__1__0/O
                         net (fo=1, routed)           0.000    11.972    design_alu_i/ALU_0/inst/mult_inst/i___0_carry__0_i_7__1__0_n_0
    SLICE_X48Y87         CARRY4 (Prop_carry4_S[1]_O[2])
                                                      0.580    12.552 r  design_alu_i/ALU_0/inst/mult_inst/plusOp_inferred__8/i___0_carry__0/O[2]
                         net (fo=3, routed)           0.624    13.176    design_alu_i/ALU_0/inst/mult_inst/plusOp_inferred__8/i___0_carry__0_n_5
    SLICE_X46Y88         LUT5 (Prop_lut5_I3_O)        0.302    13.478 r  design_alu_i/ALU_0/inst/mult_inst/i___0_carry__0_i_3__1/O
                         net (fo=5, routed)           0.336    13.814    design_alu_i/ALU_0/inst/mult_inst/i___0_carry__0_i_3__1_n_0
    SLICE_X44Y88         LUT6 (Prop_lut6_I0_O)        0.124    13.938 r  design_alu_i/ALU_0/inst/mult_inst/i___0_carry__0_i_6__0__0/O
                         net (fo=1, routed)           0.000    13.938    design_alu_i/ALU_0/inst/mult_inst/i___0_carry__0_i_6__0__0_n_0
    SLICE_X44Y88         CARRY4 (Prop_carry4_S[1]_O[1])
                                                      0.227    14.165 f  design_alu_i/ALU_0/inst/mult_inst/plusOp_inferred__10/i___0_carry__0/O[1]
                         net (fo=3, routed)           0.858    15.022    design_alu_i/ALU_0/inst/mult_inst/plusOp_inferred__10/i___0_carry__0_n_6
    SLICE_X47Y89         LUT4 (Prop_lut4_I3_O)        0.331    15.353 f  design_alu_i/ALU_0/inst/mult_inst/result_reg[9]_i_6/O
                         net (fo=1, routed)           0.433    15.787    design_alu_i/ALU_0/inst/mult_inst/result_reg[9]_i_6_n_0
    SLICE_X47Y89         LUT6 (Prop_lut6_I5_O)        0.326    16.113 r  design_alu_i/ALU_0/inst/mult_inst/result_reg[9]_i_4/O
                         net (fo=1, routed)           0.476    16.588    design_alu_i/ALU_0/inst/mult_inst/result_reg[9]_i_4_n_0
    SLICE_X46Y89         LUT5 (Prop_lut5_I4_O)        0.124    16.712 r  design_alu_i/ALU_0/inst/mult_inst/result_reg[9]_i_2/O
                         net (fo=3, routed)           0.612    17.324    design_alu_i/ALU_0/inst/mult_inst/result_reg[9]_i_2_n_0
    SLICE_X41Y89         LUT2 (Prop_lut2_I0_O)        0.124    17.448 r  design_alu_i/ALU_0/inst/mult_inst/i__carry_i_1__4/O
                         net (fo=1, routed)           0.000    17.448    design_alu_i/ALU_0/inst/mult_inst/i__carry_i_1__4_n_0
    SLICE_X41Y89         CARRY4 (Prop_carry4_S[3]_CO[3])
                                                      0.401    17.849 r  design_alu_i/ALU_0/inst/mult_inst/plusOp_inferred__14/i__carry/CO[3]
                         net (fo=1, routed)           0.000    17.849    design_alu_i/ALU_0/inst/mult_inst/plusOp_inferred__14/i__carry_n_0
    SLICE_X41Y90         CARRY4 (Prop_carry4_CI_O[0])
                                                      0.222    18.071 r  design_alu_i/ALU_0/inst/mult_inst/plusOp_inferred__14/i__carry__0/O[0]
                         net (fo=1, routed)           0.580    18.651    design_alu_i/ALU_0/inst/mult_inst/plusOp_inferred__14/i__carry__0_n_7
    SLICE_X40Y92         LUT4 (Prop_lut4_I0_O)        0.299    18.950 r  design_alu_i/ALU_0/inst/mult_inst/result_reg[10]_i_3/O
                         net (fo=1, routed)           0.444    19.394    design_alu_i/ALU_0/inst/mult_inst/result_reg[10]_i_3_n_0
    SLICE_X40Y92         LUT6 (Prop_lut6_I4_O)        0.124    19.518 r  design_alu_i/ALU_0/inst/mult_inst/result_reg[10]_i_1/O
                         net (fo=1, routed)           0.000    19.518    design_alu_i/ALU_0/inst/p_1_in[10]
    SLICE_X40Y92         FDCE                                         r  design_alu_i/ALU_0/inst/result_reg_reg[10]/D
  -------------------------------------------------------------------    -------------------

                         (clock clk_fpga_0 rise edge)
                                                     20.000    20.000 r  
    PS7_X0Y0             PS7                          0.000    20.000 r  design_alu_i/processing_system7_0/inst/PS7_i/FCLKCLK[0]
                         net (fo=1, routed)           1.088    21.088    design_alu_i/processing_system7_0/inst/FCLK_CLK_unbuffered[0]
    BUFGCTRL_X0Y16       BUFG (Prop_bufg_I_O)         0.091    21.179 r  design_alu_i/processing_system7_0/inst/buffer_fclk_clk_0.FCLK_CLK_0_BUFG/O
                         net (fo=1197, routed)        1.478    22.657    design_alu_i/ALU_0/inst/clk
    SLICE_X40Y92         FDCE                                         r  design_alu_i/ALU_0/inst/result_reg_reg[10]/C
                         clock pessimism              0.262    22.919    
                         clock uncertainty           -0.302    22.617    
    SLICE_X40Y92         FDCE (Setup_fdce_C_D)        0.029    22.646    design_alu_i/ALU_0/inst/result_reg_reg[10]
  -------------------------------------------------------------------
                         required time                         22.646    
                         arrival time                         -19.518    
  -------------------------------------------------------------------
                         slack                                  3.128    

Slack (MET) :             3.244ns  (required time - arrival time)
  Source:                 design_alu_i/axi_gpio_A/U0/gpio_core_1/Not_Dual.gpio_Data_Out_reg[7]/C
                            (rising edge-triggered cell FDRE clocked by clk_fpga_0  {rise@0.000ns fall@10.000ns period=20.000ns})
  Destination:            design_alu_i/ALU_0/inst/result_reg_reg[12]/D
                            (rising edge-triggered cell FDCE clocked by clk_fpga_0  {rise@0.000ns fall@10.000ns period=20.000ns})
  Path Group:             clk_fpga_0
  Path Type:              Setup (Max at Slow Process Corner)
  Requirement:            20.000ns  (clk_fpga_0 rise@20.000ns - clk_fpga_0 rise@0.000ns)
  Data Path Delay:        16.465ns  (logic 6.686ns (40.607%)  route 9.779ns (59.393%))
  Logic Levels:           23  (CARRY4=7 LUT2=2 LUT3=1 LUT4=2 LUT5=5 LUT6=6)
  Clock Path Skew:        -0.018ns (DCD - SCD + CPR)
    Destination Clock Delay (DCD):    2.657ns = ( 22.657 - 20.000 ) 
    Source Clock Delay      (SCD):    2.937ns
    Clock Pessimism Removal (CPR):    0.262ns
  Clock Uncertainty:      0.302ns  ((TSJ^2 + TIJ^2)^1/2 + DJ) / 2 + PE
    Total System Jitter     (TSJ):    0.071ns
    Total Input Jitter      (TIJ):    0.600ns
    Discrete Jitter          (DJ):    0.000ns
    Phase Error              (PE):    0.000ns

    Location             Delay type                Incr(ns)  Path(ns)    Netlist Resource(s)
  -------------------------------------------------------------------    -------------------
                         (clock clk_fpga_0 rise edge)
                                                      0.000     0.000 r  
    PS7_X0Y0             PS7                          0.000     0.000 r  design_alu_i/processing_system7_0/inst/PS7_i/FCLKCLK[0]
                         net (fo=1, routed)           1.193     1.193    design_alu_i/processing_system7_0/inst/FCLK_CLK_unbuffered[0]
    BUFGCTRL_X0Y16       BUFG (Prop_bufg_I_O)         0.101     1.294 r  design_alu_i/processing_system7_0/inst/buffer_fclk_clk_0.FCLK_CLK_0_BUFG/O
                         net (fo=1197, routed)        1.643     2.937    design_alu_i/axi_gpio_A/U0/gpio_core_1/s_axi_aclk
    SLICE_X40Y83         FDRE                                         r  design_alu_i/axi_gpio_A/U0/gpio_core_1/Not_Dual.gpio_Data_Out_reg[7]/C
  -------------------------------------------------------------------    -------------------
    SLICE_X40Y83         FDRE (Prop_fdre_C_Q)         0.419     3.356 f  design_alu_i/axi_gpio_A/U0/gpio_core_1/Not_Dual.gpio_Data_Out_reg[7]/Q
                         net (fo=69, routed)          1.006     4.362    design_alu_i/ALU_0/inst/mult_inst/A[0]
    SLICE_X40Y83         LUT6 (Prop_lut6_I1_O)        0.299     4.661 r  design_alu_i/ALU_0/inst/mult_inst/reg_Q[7]_i_2/O
                         net (fo=4, routed)           0.671     5.332    design_alu_i/ALU_0/inst/mult_inst/A[5]_0
    SLICE_X40Y84         LUT2 (Prop_lut2_I1_O)        0.124     5.456 r  design_alu_i/ALU_0/inst/mult_inst/reg_Q[6]_i_2/O
                         net (fo=14, routed)          0.610     6.066    design_alu_i/ALU_0/inst/mult_inst/A[6]_0
    SLICE_X41Y84         LUT3 (Prop_lut3_I0_O)        0.124     6.190 r  design_alu_i/ALU_0/inst/mult_inst/i___0_carry__0_i_6/O
                         net (fo=1, routed)           0.000     6.190    design_alu_i/ALU_0/inst/mult_inst/i___0_carry__0_i_6_n_0
    SLICE_X41Y84         CARRY4 (Prop_carry4_S[2]_O[2])
                                                      0.248     6.438 r  design_alu_i/ALU_0/inst/mult_inst/plusOp_inferred__2/i___0_carry__0/O[2]
                         net (fo=2, routed)           0.575     7.013    design_alu_i/ALU_0/inst/mult_inst/plusOp_inferred__2/i___0_carry__0_n_5
    SLICE_X45Y84         LUT5 (Prop_lut5_I4_O)        0.302     7.315 r  design_alu_i/ALU_0/inst/mult_inst/i___0_carry__0_i_3__0/O
                         net (fo=5, routed)           0.511     7.826    design_alu_i/ALU_0/inst/mult_inst/i___0_carry__0_i_3__0_n_0
    SLICE_X43Y85         CARRY4 (Prop_carry4_DI[1]_O[2])
                                                      0.537     8.363 r  design_alu_i/ALU_0/inst/mult_inst/plusOp_inferred__4/i__carry__0/O[2]
                         net (fo=2, routed)           0.504     8.867    design_alu_i/ALU_0/inst/mult_inst/plusOp_inferred__4/i__carry__0_n_5
    SLICE_X45Y84         LUT5 (Prop_lut5_I4_O)        0.302     9.169 r  design_alu_i/ALU_0/inst/mult_inst/i___0_carry__0_i_3/O
                         net (fo=6, routed)           0.613     9.783    design_alu_i/ALU_0/inst/mult_inst/i___0_carry__0_i_3_n_0
    SLICE_X46Y86         LUT6 (Prop_lut6_I0_O)        0.124     9.907 r  design_alu_i/ALU_0/inst/mult_inst/i___0_carry__0_i_7__0__0/O
                         net (fo=1, routed)           0.000     9.907    design_alu_i/ALU_0/inst/mult_inst/i___0_carry__0_i_7__0__0_n_0
    SLICE_X46Y86         CARRY4 (Prop_carry4_S[1]_O[2])
                                                      0.578    10.485 r  design_alu_i/ALU_0/inst/mult_inst/plusOp_inferred__6/i___0_carry__0/O[2]
                         net (fo=2, routed)           0.425    10.910    design_alu_i/ALU_0/inst/mult_inst/plusOp_inferred__6/i___0_carry__0_n_5
    SLICE_X47Y85         LUT5 (Prop_lut5_I4_O)        0.301    11.211 r  design_alu_i/ALU_0/inst/mult_inst/i___0_carry__0_i_3__3/O
                         net (fo=7, routed)           0.637    11.848    design_alu_i/ALU_0/inst/mult_inst/i___0_carry__0_i_3__3_n_0
    SLICE_X48Y87         LUT6 (Prop_lut6_I0_O)        0.124    11.972 r  design_alu_i/ALU_0/inst/mult_inst/i___0_carry__0_i_7__1__0/O
                         net (fo=1, routed)           0.000    11.972    design_alu_i/ALU_0/inst/mult_inst/i___0_carry__0_i_7__1__0_n_0
    SLICE_X48Y87         CARRY4 (Prop_carry4_S[1]_O[2])
                                                      0.580    12.552 r  design_alu_i/ALU_0/inst/mult_inst/plusOp_inferred__8/i___0_carry__0/O[2]
                         net (fo=3, routed)           0.624    13.176    design_alu_i/ALU_0/inst/mult_inst/plusOp_inferred__8/i___0_carry__0_n_5
    SLICE_X46Y88         LUT5 (Prop_lut5_I3_O)        0.302    13.478 r  design_alu_i/ALU_0/inst/mult_inst/i___0_carry__0_i_3__1/O
                         net (fo=5, routed)           0.336    13.814    design_alu_i/ALU_0/inst/mult_inst/i___0_carry__0_i_3__1_n_0
    SLICE_X44Y88         LUT6 (Prop_lut6_I0_O)        0.124    13.938 r  design_alu_i/ALU_0/inst/mult_inst/i___0_carry__0_i_6__0__0/O
                         net (fo=1, routed)           0.000    13.938    design_alu_i/ALU_0/inst/mult_inst/i___0_carry__0_i_6__0__0_n_0
    SLICE_X44Y88         CARRY4 (Prop_carry4_S[1]_O[1])
                                                      0.227    14.165 f  design_alu_i/ALU_0/inst/mult_inst/plusOp_inferred__10/i___0_carry__0/O[1]
                         net (fo=3, routed)           0.858    15.022    design_alu_i/ALU_0/inst/mult_inst/plusOp_inferred__10/i___0_carry__0_n_6
    SLICE_X47Y89         LUT4 (Prop_lut4_I3_O)        0.331    15.353 f  design_alu_i/ALU_0/inst/mult_inst/result_reg[9]_i_6/O
                         net (fo=1, routed)           0.433    15.787    design_alu_i/ALU_0/inst/mult_inst/result_reg[9]_i_6_n_0
    SLICE_X47Y89         LUT6 (Prop_lut6_I5_O)        0.326    16.113 r  design_alu_i/ALU_0/inst/mult_inst/result_reg[9]_i_4/O
                         net (fo=1, routed)           0.476    16.588    design_alu_i/ALU_0/inst/mult_inst/result_reg[9]_i_4_n_0
    SLICE_X46Y89         LUT5 (Prop_lut5_I4_O)        0.124    16.712 r  design_alu_i/ALU_0/inst/mult_inst/result_reg[9]_i_2/O
                         net (fo=3, routed)           0.612    17.324    design_alu_i/ALU_0/inst/mult_inst/result_reg[9]_i_2_n_0
    SLICE_X41Y89         LUT2 (Prop_lut2_I0_O)        0.124    17.448 r  design_alu_i/ALU_0/inst/mult_inst/i__carry_i_1__4/O
                         net (fo=1, routed)           0.000    17.448    design_alu_i/ALU_0/inst/mult_inst/i__carry_i_1__4_n_0
    SLICE_X41Y89         CARRY4 (Prop_carry4_S[3]_CO[3])
                                                      0.401    17.849 r  design_alu_i/ALU_0/inst/mult_inst/plusOp_inferred__14/i__carry/CO[3]
                         net (fo=1, routed)           0.000    17.849    design_alu_i/ALU_0/inst/mult_inst/plusOp_inferred__14/i__carry_n_0
    SLICE_X41Y90         CARRY4 (Prop_carry4_CI_O[2])
                                                      0.239    18.088 r  design_alu_i/ALU_0/inst/mult_inst/plusOp_inferred__14/i__carry__0/O[2]
                         net (fo=1, routed)           0.444    18.532    design_alu_i/ALU_0/inst/mult_inst/plusOp_inferred__14/i__carry__0_n_5
    SLICE_X40Y91         LUT4 (Prop_lut4_I0_O)        0.302    18.834 r  design_alu_i/ALU_0/inst/mult_inst/result_reg[12]_i_3/O
                         net (fo=1, routed)           0.444    19.278    design_alu_i/ALU_0/inst/mult_inst/result_reg[12]_i_3_n_0
    SLICE_X40Y91         LUT6 (Prop_lut6_I4_O)        0.124    19.402 r  design_alu_i/ALU_0/inst/mult_inst/result_reg[12]_i_1/O
                         net (fo=1, routed)           0.000    19.402    design_alu_i/ALU_0/inst/p_1_in[12]
    SLICE_X40Y91         FDCE                                         r  design_alu_i/ALU_0/inst/result_reg_reg[12]/D
  -------------------------------------------------------------------    -------------------

                         (clock clk_fpga_0 rise edge)
                                                     20.000    20.000 r  
    PS7_X0Y0             PS7                          0.000    20.000 r  design_alu_i/processing_system7_0/inst/PS7_i/FCLKCLK[0]
                         net (fo=1, routed)           1.088    21.088    design_alu_i/processing_system7_0/inst/FCLK_CLK_unbuffered[0]
    BUFGCTRL_X0Y16       BUFG (Prop_bufg_I_O)         0.091    21.179 r  design_alu_i/processing_system7_0/inst/buffer_fclk_clk_0.FCLK_CLK_0_BUFG/O
                         net (fo=1197, routed)        1.478    22.657    design_alu_i/ALU_0/inst/clk
    SLICE_X40Y91         FDCE                                         r  design_alu_i/ALU_0/inst/result_reg_reg[12]/C
                         clock pessimism              0.262    22.919    
                         clock uncertainty           -0.302    22.617    
    SLICE_X40Y91         FDCE (Setup_fdce_C_D)        0.029    22.646    design_alu_i/ALU_0/inst/result_reg_reg[12]
  -------------------------------------------------------------------
                         required time                         22.646    
                         arrival time                         -19.402    
  -------------------------------------------------------------------
                         slack                                  3.244    

Slack (MET) :             3.612ns  (required time - arrival time)
  Source:                 design_alu_i/axi_gpio_A/U0/gpio_core_1/Not_Dual.gpio_Data_Out_reg[7]/C
                            (rising edge-triggered cell FDRE clocked by clk_fpga_0  {rise@0.000ns fall@10.000ns period=20.000ns})
  Destination:            design_alu_i/ALU_0/inst/result_reg_reg[9]/D
                            (rising edge-triggered cell FDCE clocked by clk_fpga_0  {rise@0.000ns fall@10.000ns period=20.000ns})
  Path Group:             clk_fpga_0
  Path Type:              Setup (Max at Slow Process Corner)
  Requirement:            20.000ns  (clk_fpga_0 rise@20.000ns - clk_fpga_0 rise@0.000ns)
  Data Path Delay:        16.098ns  (logic 6.298ns (39.124%)  route 9.800ns (60.876%))
  Logic Levels:           22  (CARRY4=6 LUT2=2 LUT3=1 LUT4=2 LUT5=5 LUT6=6)
  Clock Path Skew:        -0.019ns (DCD - SCD + CPR)
    Destination Clock Delay (DCD):    2.656ns = ( 22.656 - 20.000 ) 
    Source Clock Delay      (SCD):    2.937ns
    Clock Pessimism Removal (CPR):    0.262ns
  Clock Uncertainty:      0.302ns  ((TSJ^2 + TIJ^2)^1/2 + DJ) / 2 + PE
    Total System Jitter     (TSJ):    0.071ns
    Total Input Jitter      (TIJ):    0.600ns
    Discrete Jitter          (DJ):    0.000ns
    Phase Error              (PE):    0.000ns

    Location             Delay type                Incr(ns)  Path(ns)    Netlist Resource(s)
  -------------------------------------------------------------------    -------------------
                         (clock clk_fpga_0 rise edge)
                                                      0.000     0.000 r  
    PS7_X0Y0             PS7                          0.000     0.000 r  design_alu_i/processing_system7_0/inst/PS7_i/FCLKCLK[0]
                         net (fo=1, routed)           1.193     1.193    design_alu_i/processing_system7_0/inst/FCLK_CLK_unbuffered[0]
    BUFGCTRL_X0Y16       BUFG (Prop_bufg_I_O)         0.101     1.294 r  design_alu_i/processing_system7_0/inst/buffer_fclk_clk_0.FCLK_CLK_0_BUFG/O
                         net (fo=1197, routed)        1.643     2.937    design_alu_i/axi_gpio_A/U0/gpio_core_1/s_axi_aclk
    SLICE_X40Y83         FDRE                                         r  design_alu_i/axi_gpio_A/U0/gpio_core_1/Not_Dual.gpio_Data_Out_reg[7]/C
  -------------------------------------------------------------------    -------------------
    SLICE_X40Y83         FDRE (Prop_fdre_C_Q)         0.419     3.356 f  design_alu_i/axi_gpio_A/U0/gpio_core_1/Not_Dual.gpio_Data_Out_reg[7]/Q
                         net (fo=69, routed)          1.006     4.362    design_alu_i/ALU_0/inst/mult_inst/A[0]
    SLICE_X40Y83         LUT6 (Prop_lut6_I1_O)        0.299     4.661 r  design_alu_i/ALU_0/inst/mult_inst/reg_Q[7]_i_2/O
                         net (fo=4, routed)           0.671     5.332    design_alu_i/ALU_0/inst/mult_inst/A[5]_0
    SLICE_X40Y84         LUT2 (Prop_lut2_I1_O)        0.124     5.456 r  design_alu_i/ALU_0/inst/mult_inst/reg_Q[6]_i_2/O
                         net (fo=14, routed)          0.610     6.066    design_alu_i/ALU_0/inst/mult_inst/A[6]_0
    SLICE_X41Y84         LUT3 (Prop_lut3_I0_O)        0.124     6.190 r  design_alu_i/ALU_0/inst/mult_inst/i___0_carry__0_i_6/O
                         net (fo=1, routed)           0.000     6.190    design_alu_i/ALU_0/inst/mult_inst/i___0_carry__0_i_6_n_0
    SLICE_X41Y84         CARRY4 (Prop_carry4_S[2]_O[2])
                                                      0.248     6.438 r  design_alu_i/ALU_0/inst/mult_inst/plusOp_inferred__2/i___0_carry__0/O[2]
                         net (fo=2, routed)           0.575     7.013    design_alu_i/ALU_0/inst/mult_inst/plusOp_inferred__2/i___0_carry__0_n_5
    SLICE_X45Y84         LUT5 (Prop_lut5_I4_O)        0.302     7.315 r  design_alu_i/ALU_0/inst/mult_inst/i___0_carry__0_i_3__0/O
                         net (fo=5, routed)           0.511     7.826    design_alu_i/ALU_0/inst/mult_inst/i___0_carry__0_i_3__0_n_0
    SLICE_X43Y85         CARRY4 (Prop_carry4_DI[1]_O[2])
                                                      0.537     8.363 r  design_alu_i/ALU_0/inst/mult_inst/plusOp_inferred__4/i__carry__0/O[2]
                         net (fo=2, routed)           0.504     8.867    design_alu_i/ALU_0/inst/mult_inst/plusOp_inferred__4/i__carry__0_n_5
    SLICE_X45Y84         LUT5 (Prop_lut5_I4_O)        0.302     9.169 r  design_alu_i/ALU_0/inst/mult_inst/i___0_carry__0_i_3/O
                         net (fo=6, routed)           0.613     9.783    design_alu_i/ALU_0/inst/mult_inst/i___0_carry__0_i_3_n_0
    SLICE_X46Y86         LUT6 (Prop_lut6_I0_O)        0.124     9.907 r  design_alu_i/ALU_0/inst/mult_inst/i___0_carry__0_i_7__0__0/O
                         net (fo=1, routed)           0.000     9.907    design_alu_i/ALU_0/inst/mult_inst/i___0_carry__0_i_7__0__0_n_0
    SLICE_X46Y86         CARRY4 (Prop_carry4_S[1]_O[2])
                                                      0.578    10.485 r  design_alu_i/ALU_0/inst/mult_inst/plusOp_inferred__6/i___0_carry__0/O[2]
                         net (fo=2, routed)           0.425    10.910    design_alu_i/ALU_0/inst/mult_inst/plusOp_inferred__6/i___0_carry__0_n_5
    SLICE_X47Y85         LUT5 (Prop_lut5_I4_O)        0.301    11.211 r  design_alu_i/ALU_0/inst/mult_inst/i___0_carry__0_i_3__3/O
                         net (fo=7, routed)           0.637    11.848    design_alu_i/ALU_0/inst/mult_inst/i___0_carry__0_i_3__3_n_0
    SLICE_X48Y87         LUT6 (Prop_lut6_I0_O)        0.124    11.972 r  design_alu_i/ALU_0/inst/mult_inst/i___0_carry__0_i_7__1__0/O
                         net (fo=1, routed)           0.000    11.972    design_alu_i/ALU_0/inst/mult_inst/i___0_carry__0_i_7__1__0_n_0
    SLICE_X48Y87         CARRY4 (Prop_carry4_S[1]_O[2])
                                                      0.580    12.552 r  design_alu_i/ALU_0/inst/mult_inst/plusOp_inferred__8/i___0_carry__0/O[2]
                         net (fo=3, routed)           0.624    13.176    design_alu_i/ALU_0/inst/mult_inst/plusOp_inferred__8/i___0_carry__0_n_5
    SLICE_X46Y88         LUT5 (Prop_lut5_I3_O)        0.302    13.478 r  design_alu_i/ALU_0/inst/mult_inst/i___0_carry__0_i_3__1/O
                         net (fo=5, routed)           0.336    13.814    design_alu_i/ALU_0/inst/mult_inst/i___0_carry__0_i_3__1_n_0
    SLICE_X44Y88         LUT6 (Prop_lut6_I0_O)        0.124    13.938 r  design_alu_i/ALU_0/inst/mult_inst/i___0_carry__0_i_6__0__0/O
                         net (fo=1, routed)           0.000    13.938    design_alu_i/ALU_0/inst/mult_inst/i___0_carry__0_i_6__0__0_n_0
    SLICE_X44Y88         CARRY4 (Prop_carry4_S[1]_O[1])
                                                      0.227    14.165 f  design_alu_i/ALU_0/inst/mult_inst/plusOp_inferred__10/i___0_carry__0/O[1]
                         net (fo=3, routed)           0.858    15.022    design_alu_i/ALU_0/inst/mult_inst/plusOp_inferred__10/i___0_carry__0_n_6
    SLICE_X47Y89         LUT4 (Prop_lut4_I3_O)        0.331    15.353 f  design_alu_i/ALU_0/inst/mult_inst/result_reg[9]_i_6/O
                         net (fo=1, routed)           0.433    15.787    design_alu_i/ALU_0/inst/mult_inst/result_reg[9]_i_6_n_0
    SLICE_X47Y89         LUT6 (Prop_lut6_I5_O)        0.326    16.113 r  design_alu_i/ALU_0/inst/mult_inst/result_reg[9]_i_4/O
                         net (fo=1, routed)           0.476    16.588    design_alu_i/ALU_0/inst/mult_inst/result_reg[9]_i_4_n_0
    SLICE_X46Y89         LUT5 (Prop_lut5_I4_O)        0.124    16.712 r  design_alu_i/ALU_0/inst/mult_inst/result_reg[9]_i_2/O
                         net (fo=3, routed)           0.612    17.324    design_alu_i/ALU_0/inst/mult_inst/result_reg[9]_i_2_n_0
    SLICE_X41Y89         LUT2 (Prop_lut2_I0_O)        0.124    17.448 r  design_alu_i/ALU_0/inst/mult_inst/i__carry_i_1__4/O
                         net (fo=1, routed)           0.000    17.448    design_alu_i/ALU_0/inst/mult_inst/i__carry_i_1__4_n_0
    SLICE_X41Y89         CARRY4 (Prop_carry4_S[3]_O[3])
                                                      0.248    17.696 r  design_alu_i/ALU_0/inst/mult_inst/plusOp_inferred__14/i__carry/O[3]
                         net (fo=1, routed)           0.418    18.115    design_alu_i/ALU_0/inst/mult_inst/plusOp_inferred__14/i__carry_n_4
    SLICE_X40Y89         LUT4 (Prop_lut4_I0_O)        0.306    18.421 r  design_alu_i/ALU_0/inst/mult_inst/result_reg[9]_i_3/O
                         net (fo=1, routed)           0.490    18.911    design_alu_i/ALU_0/inst/mult_inst/result_reg[9]_i_3_n_0
    SLICE_X40Y89         LUT6 (Prop_lut6_I4_O)        0.124    19.035 r  design_alu_i/ALU_0/inst/mult_inst/result_reg[9]_i_1/O
                         net (fo=1, routed)           0.000    19.035    design_alu_i/ALU_0/inst/p_1_in[9]
    SLICE_X40Y89         FDCE                                         r  design_alu_i/ALU_0/inst/result_reg_reg[9]/D
  -------------------------------------------------------------------    -------------------

                         (clock clk_fpga_0 rise edge)
                                                     20.000    20.000 r  
    PS7_X0Y0             PS7                          0.000    20.000 r  design_alu_i/processing_system7_0/inst/PS7_i/FCLKCLK[0]
                         net (fo=1, routed)           1.088    21.088    design_alu_i/processing_system7_0/inst/FCLK_CLK_unbuffered[0]
    BUFGCTRL_X0Y16       BUFG (Prop_bufg_I_O)         0.091    21.179 r  design_alu_i/processing_system7_0/inst/buffer_fclk_clk_0.FCLK_CLK_0_BUFG/O
                         net (fo=1197, routed)        1.477    22.656    design_alu_i/ALU_0/inst/clk
    SLICE_X40Y89         FDCE                                         r  design_alu_i/ALU_0/inst/result_reg_reg[9]/C
                         clock pessimism              0.262    22.918    
                         clock uncertainty           -0.302    22.616    
    SLICE_X40Y89         FDCE (Setup_fdce_C_D)        0.031    22.647    design_alu_i/ALU_0/inst/result_reg_reg[9]
  -------------------------------------------------------------------
                         required time                         22.647    
                         arrival time                         -19.035    
  -------------------------------------------------------------------
                         slack                                  3.612    

Slack (MET) :             4.295ns  (required time - arrival time)
  Source:                 design_alu_i/axi_gpio_A/U0/gpio_core_1/Not_Dual.gpio_Data_Out_reg[7]/C
                            (rising edge-triggered cell FDRE clocked by clk_fpga_0  {rise@0.000ns fall@10.000ns period=20.000ns})
  Destination:            design_alu_i/ALU_0/inst/result_reg_reg[8]/D
                            (rising edge-triggered cell FDCE clocked by clk_fpga_0  {rise@0.000ns fall@10.000ns period=20.000ns})
  Path Group:             clk_fpga_0
  Path Type:              Setup (Max at Slow Process Corner)
  Requirement:            20.000ns  (clk_fpga_0 rise@20.000ns - clk_fpga_0 rise@0.000ns)
  Data Path Delay:        15.414ns  (logic 6.390ns (41.456%)  route 9.024ns (58.544%))
  Logic Levels:           23  (CARRY4=7 LUT2=2 LUT3=2 LUT4=2 LUT5=7 LUT6=3)
  Clock Path Skew:        -0.020ns (DCD - SCD + CPR)
    Destination Clock Delay (DCD):    2.655ns = ( 22.655 - 20.000 ) 
    Source Clock Delay      (SCD):    2.937ns
    Clock Pessimism Removal (CPR):    0.262ns
  Clock Uncertainty:      0.302ns  ((TSJ^2 + TIJ^2)^1/2 + DJ) / 2 + PE
    Total System Jitter     (TSJ):    0.071ns
    Total Input Jitter      (TIJ):    0.600ns
    Discrete Jitter          (DJ):    0.000ns
    Phase Error              (PE):    0.000ns

    Location             Delay type                Incr(ns)  Path(ns)    Netlist Resource(s)
  -------------------------------------------------------------------    -------------------
                         (clock clk_fpga_0 rise edge)
                                                      0.000     0.000 r  
    PS7_X0Y0             PS7                          0.000     0.000 r  design_alu_i/processing_system7_0/inst/PS7_i/FCLKCLK[0]
                         net (fo=1, routed)           1.193     1.193    design_alu_i/processing_system7_0/inst/FCLK_CLK_unbuffered[0]
    BUFGCTRL_X0Y16       BUFG (Prop_bufg_I_O)         0.101     1.294 r  design_alu_i/processing_system7_0/inst/buffer_fclk_clk_0.FCLK_CLK_0_BUFG/O
                         net (fo=1197, routed)        1.643     2.937    design_alu_i/axi_gpio_A/U0/gpio_core_1/s_axi_aclk
    SLICE_X40Y83         FDRE                                         r  design_alu_i/axi_gpio_A/U0/gpio_core_1/Not_Dual.gpio_Data_Out_reg[7]/C
  -------------------------------------------------------------------    -------------------
    SLICE_X40Y83         FDRE (Prop_fdre_C_Q)         0.419     3.356 f  design_alu_i/axi_gpio_A/U0/gpio_core_1/Not_Dual.gpio_Data_Out_reg[7]/Q
                         net (fo=69, routed)          1.006     4.362    design_alu_i/ALU_0/inst/mult_inst/A[0]
    SLICE_X40Y83         LUT6 (Prop_lut6_I1_O)        0.299     4.661 r  design_alu_i/ALU_0/inst/mult_inst/reg_Q[7]_i_2/O
                         net (fo=4, routed)           0.671     5.332    design_alu_i/ALU_0/inst/mult_inst/A[5]_0
    SLICE_X40Y84         LUT2 (Prop_lut2_I1_O)        0.124     5.456 r  design_alu_i/ALU_0/inst/mult_inst/reg_Q[6]_i_2/O
                         net (fo=14, routed)          0.610     6.066    design_alu_i/ALU_0/inst/mult_inst/A[6]_0
    SLICE_X41Y84         LUT3 (Prop_lut3_I0_O)        0.124     6.190 r  design_alu_i/ALU_0/inst/mult_inst/i___0_carry__0_i_6/O
                         net (fo=1, routed)           0.000     6.190    design_alu_i/ALU_0/inst/mult_inst/i___0_carry__0_i_6_n_0
    SLICE_X41Y84         CARRY4 (Prop_carry4_S[2]_O[2])
                                                      0.248     6.438 r  design_alu_i/ALU_0/inst/mult_inst/plusOp_inferred__2/i___0_carry__0/O[2]
                         net (fo=2, routed)           0.575     7.013    design_alu_i/ALU_0/inst/mult_inst/plusOp_inferred__2/i___0_carry__0_n_5
    SLICE_X45Y84         LUT5 (Prop_lut5_I4_O)        0.302     7.315 r  design_alu_i/ALU_0/inst/mult_inst/i___0_carry__0_i_3__0/O
                         net (fo=5, routed)           0.333     7.648    design_alu_i/ALU_0/inst/mult_inst/i___0_carry__0_i_3__0_n_0
    SLICE_X44Y85         LUT6 (Prop_lut6_I0_O)        0.124     7.772 r  design_alu_i/ALU_0/inst/mult_inst/i___0_carry__0_i_6__2/O
                         net (fo=1, routed)           0.000     7.772    design_alu_i/ALU_0/inst/mult_inst/i___0_carry__0_i_6__2_n_0
    SLICE_X44Y85         CARRY4 (Prop_carry4_S[1]_O[1])
                                                      0.227     7.999 r  design_alu_i/ALU_0/inst/mult_inst/plusOp_inferred__4/i___0_carry__0/O[1]
                         net (fo=2, routed)           0.461     8.461    design_alu_i/ALU_0/inst/mult_inst/plusOp_inferred__4/i___0_carry__0_n_6
    SLICE_X45Y84         LUT5 (Prop_lut5_I0_O)        0.303     8.764 r  design_alu_i/ALU_0/inst/mult_inst/i___0_carry__0_i_4__0/O
                         net (fo=5, routed)           0.489     9.253    design_alu_i/ALU_0/inst/mult_inst/i___0_carry__0_i_4__0_n_0
    SLICE_X46Y86         LUT5 (Prop_lut5_I0_O)        0.124     9.377 r  design_alu_i/ALU_0/inst/mult_inst/i___0_carry__0_i_8__0/O
                         net (fo=1, routed)           0.000     9.377    design_alu_i/ALU_0/inst/mult_inst/i___0_carry__0_i_8__0_n_0
    SLICE_X46Y86         CARRY4 (Prop_carry4_S[0]_O[0])
                                                      0.252     9.629 r  design_alu_i/ALU_0/inst/mult_inst/plusOp_inferred__6/i___0_carry__0/O[0]
                         net (fo=2, routed)           0.431    10.060    design_alu_i/ALU_0/inst/mult_inst/plusOp_inferred__6/i___0_carry__0_n_7
    SLICE_X49Y86         LUT5 (Prop_lut5_I0_O)        0.295    10.355 r  design_alu_i/ALU_0/inst/mult_inst/i___0_carry_i_1__0/O
                         net (fo=6, routed)           0.451    10.805    design_alu_i/ALU_0/inst/mult_inst/i___0_carry_i_1__0_n_0
    SLICE_X48Y86         LUT4 (Prop_lut4_I0_O)        0.124    10.929 r  design_alu_i/ALU_0/inst/mult_inst/i___0_carry_i_3__0__0/O
                         net (fo=1, routed)           0.000    10.929    design_alu_i/ALU_0/inst/mult_inst/i___0_carry_i_3__0__0_n_0
    SLICE_X48Y86         CARRY4 (Prop_carry4_S[3]_O[3])
                                                      0.248    11.177 r  design_alu_i/ALU_0/inst/mult_inst/plusOp_inferred__8/i___0_carry/O[3]
                         net (fo=3, routed)           0.500    11.677    design_alu_i/ALU_0/inst/mult_inst/plusOp_inferred__8/i___0_carry_n_4
    SLICE_X43Y87         LUT5 (Prop_lut5_I0_O)        0.306    11.983 r  design_alu_i/ALU_0/inst/mult_inst/i___0_carry_i_1/O
                         net (fo=6, routed)           0.315    12.298    design_alu_i/ALU_0/inst/mult_inst/i___0_carry_i_1_n_0
    SLICE_X44Y87         LUT3 (Prop_lut3_I0_O)        0.124    12.422 r  design_alu_i/ALU_0/inst/mult_inst/i___0_carry_i_3__1__0/O
                         net (fo=1, routed)           0.000    12.422    design_alu_i/ALU_0/inst/mult_inst/i___0_carry_i_3__1__0_n_0
    SLICE_X44Y87         CARRY4 (Prop_carry4_S[2]_O[2])
                                                      0.248    12.670 r  design_alu_i/ALU_0/inst/mult_inst/plusOp_inferred__10/i___0_carry/O[2]
                         net (fo=4, routed)           0.602    13.272    design_alu_i/ALU_0/inst/mult_inst/plusOp_inferred__10/i___0_carry_n_5
    SLICE_X43Y88         LUT5 (Prop_lut5_I0_O)        0.302    13.574 r  design_alu_i/ALU_0/inst/mult_inst/i___0_carry_i_2/O
                         net (fo=2, routed)           0.502    14.076    design_alu_i/ALU_0/inst/mult_inst/i___0_carry_i_2_n_0
    SLICE_X44Y90         CARRY4 (Prop_carry4_DI[1]_O[2])
                                                      0.537    14.613 f  design_alu_i/ALU_0/inst/mult_inst/plusOp_inferred__12/i__carry/O[2]
                         net (fo=1, routed)           0.828    15.441    design_alu_i/ALU_0/inst/mult_inst/plusOp_inferred__12/i__carry_n_5
    SLICE_X42Y88         LUT5 (Prop_lut5_I4_O)        0.326    15.767 r  design_alu_i/ALU_0/inst/mult_inst/result_reg[7]_i_4/O
                         net (fo=3, routed)           0.616    16.383    design_alu_i/ALU_0/inst/mult_inst/B_5_sn_1
    SLICE_X41Y89         LUT2 (Prop_lut2_I0_O)        0.328    16.711 r  design_alu_i/ALU_0/inst/mult_inst/i__carry_i_3__1/O
                         net (fo=1, routed)           0.000    16.711    design_alu_i/ALU_0/inst/mult_inst/i__carry_i_3__1_n_0
    SLICE_X41Y89         CARRY4 (Prop_carry4_S[1]_O[2])
                                                      0.580    17.291 r  design_alu_i/ALU_0/inst/mult_inst/plusOp_inferred__14/i__carry/O[2]
                         net (fo=1, routed)           0.483    17.774    design_alu_i/ALU_0/inst/mult_inst/plusOp_inferred__14/i__carry_n_5
    SLICE_X41Y88         LUT4 (Prop_lut4_I0_O)        0.302    18.076 r  design_alu_i/ALU_0/inst/mult_inst/result_reg[8]_i_3/O
                         net (fo=1, routed)           0.151    18.227    design_alu_i/ALU_0/inst/mult_inst/result_reg[8]_i_3_n_0
    SLICE_X41Y88         LUT6 (Prop_lut6_I4_O)        0.124    18.351 r  design_alu_i/ALU_0/inst/mult_inst/result_reg[8]_i_1/O
                         net (fo=1, routed)           0.000    18.351    design_alu_i/ALU_0/inst/p_1_in[8]
    SLICE_X41Y88         FDCE                                         r  design_alu_i/ALU_0/inst/result_reg_reg[8]/D
  -------------------------------------------------------------------    -------------------

                         (clock clk_fpga_0 rise edge)
                                                     20.000    20.000 r  
    PS7_X0Y0             PS7                          0.000    20.000 r  design_alu_i/processing_system7_0/inst/PS7_i/FCLKCLK[0]
                         net (fo=1, routed)           1.088    21.088    design_alu_i/processing_system7_0/inst/FCLK_CLK_unbuffered[0]
    BUFGCTRL_X0Y16       BUFG (Prop_bufg_I_O)         0.091    21.179 r  design_alu_i/processing_system7_0/inst/buffer_fclk_clk_0.FCLK_CLK_0_BUFG/O
                         net (fo=1197, routed)        1.476    22.655    design_alu_i/ALU_0/inst/clk
    SLICE_X41Y88         FDCE                                         r  design_alu_i/ALU_0/inst/result_reg_reg[8]/C
                         clock pessimism              0.262    22.917    
                         clock uncertainty           -0.302    22.615    
    SLICE_X41Y88         FDCE (Setup_fdce_C_D)        0.031    22.646    design_alu_i/ALU_0/inst/result_reg_reg[8]
  -------------------------------------------------------------------
                         required time                         22.646    
                         arrival time                         -18.351    
  -------------------------------------------------------------------
                         slack                                  4.295    

Slack (MET) :             4.478ns  (required time - arrival time)
  Source:                 design_alu_i/axi_gpio_A/U0/gpio_core_1/Not_Dual.gpio_Data_Out_reg[7]/C
                            (rising edge-triggered cell FDRE clocked by clk_fpga_0  {rise@0.000ns fall@10.000ns period=20.000ns})
  Destination:            design_alu_i/ALU_0/inst/result_reg_reg[7]/D
                            (rising edge-triggered cell FDCE clocked by clk_fpga_0  {rise@0.000ns fall@10.000ns period=20.000ns})
  Path Group:             clk_fpga_0
  Path Type:              Setup (Max at Slow Process Corner)
  Requirement:            20.000ns  (clk_fpga_0 rise@20.000ns - clk_fpga_0 rise@0.000ns)
  Data Path Delay:        15.228ns  (logic 6.038ns (39.649%)  route 9.190ns (60.350%))
  Logic Levels:           23  (CARRY4=7 LUT2=2 LUT3=2 LUT4=2 LUT5=7 LUT6=3)
  Clock Path Skew:        -0.020ns (DCD - SCD + CPR)
    Destination Clock Delay (DCD):    2.655ns = ( 22.655 - 20.000 ) 
    Source Clock Delay      (SCD):    2.937ns
    Clock Pessimism Removal (CPR):    0.262ns
  Clock Uncertainty:      0.302ns  ((TSJ^2 + TIJ^2)^1/2 + DJ) / 2 + PE
    Total System Jitter     (TSJ):    0.071ns
    Total Input Jitter      (TIJ):    0.600ns
    Discrete Jitter          (DJ):    0.000ns
    Phase Error              (PE):    0.000ns

    Location             Delay type                Incr(ns)  Path(ns)    Netlist Resource(s)
  -------------------------------------------------------------------    -------------------
                         (clock clk_fpga_0 rise edge)
                                                      0.000     0.000 r  
    PS7_X0Y0             PS7                          0.000     0.000 r  design_alu_i/processing_system7_0/inst/PS7_i/FCLKCLK[0]
                         net (fo=1, routed)           1.193     1.193    design_alu_i/processing_system7_0/inst/FCLK_CLK_unbuffered[0]
    BUFGCTRL_X0Y16       BUFG (Prop_bufg_I_O)         0.101     1.294 r  design_alu_i/processing_system7_0/inst/buffer_fclk_clk_0.FCLK_CLK_0_BUFG/O
                         net (fo=1197, routed)        1.643     2.937    design_alu_i/axi_gpio_A/U0/gpio_core_1/s_axi_aclk
    SLICE_X40Y83         FDRE                                         r  design_alu_i/axi_gpio_A/U0/gpio_core_1/Not_Dual.gpio_Data_Out_reg[7]/C
  -------------------------------------------------------------------    -------------------
    SLICE_X40Y83         FDRE (Prop_fdre_C_Q)         0.419     3.356 f  design_alu_i/axi_gpio_A/U0/gpio_core_1/Not_Dual.gpio_Data_Out_reg[7]/Q
                         net (fo=69, routed)          1.006     4.362    design_alu_i/ALU_0/inst/mult_inst/A[0]
    SLICE_X40Y83         LUT6 (Prop_lut6_I1_O)        0.299     4.661 r  design_alu_i/ALU_0/inst/mult_inst/reg_Q[7]_i_2/O
                         net (fo=4, routed)           0.671     5.332    design_alu_i/ALU_0/inst/mult_inst/A[5]_0
    SLICE_X40Y84         LUT2 (Prop_lut2_I1_O)        0.124     5.456 r  design_alu_i/ALU_0/inst/mult_inst/reg_Q[6]_i_2/O
                         net (fo=14, routed)          0.610     6.066    design_alu_i/ALU_0/inst/mult_inst/A[6]_0
    SLICE_X41Y84         LUT3 (Prop_lut3_I0_O)        0.124     6.190 r  design_alu_i/ALU_0/inst/mult_inst/i___0_carry__0_i_6/O
                         net (fo=1, routed)           0.000     6.190    design_alu_i/ALU_0/inst/mult_inst/i___0_carry__0_i_6_n_0
    SLICE_X41Y84         CARRY4 (Prop_carry4_S[2]_O[2])
                                                      0.248     6.438 r  design_alu_i/ALU_0/inst/mult_inst/plusOp_inferred__2/i___0_carry__0/O[2]
                         net (fo=2, routed)           0.575     7.013    design_alu_i/ALU_0/inst/mult_inst/plusOp_inferred__2/i___0_carry__0_n_5
    SLICE_X45Y84         LUT5 (Prop_lut5_I4_O)        0.302     7.315 r  design_alu_i/ALU_0/inst/mult_inst/i___0_carry__0_i_3__0/O
                         net (fo=5, routed)           0.333     7.648    design_alu_i/ALU_0/inst/mult_inst/i___0_carry__0_i_3__0_n_0
    SLICE_X44Y85         LUT6 (Prop_lut6_I0_O)        0.124     7.772 r  design_alu_i/ALU_0/inst/mult_inst/i___0_carry__0_i_6__2/O
                         net (fo=1, routed)           0.000     7.772    design_alu_i/ALU_0/inst/mult_inst/i___0_carry__0_i_6__2_n_0
    SLICE_X44Y85         CARRY4 (Prop_carry4_S[1]_O[1])
                                                      0.227     7.999 r  design_alu_i/ALU_0/inst/mult_inst/plusOp_inferred__4/i___0_carry__0/O[1]
                         net (fo=2, routed)           0.461     8.461    design_alu_i/ALU_0/inst/mult_inst/plusOp_inferred__4/i___0_carry__0_n_6
    SLICE_X45Y84         LUT5 (Prop_lut5_I0_O)        0.303     8.764 r  design_alu_i/ALU_0/inst/mult_inst/i___0_carry__0_i_4__0/O
                         net (fo=5, routed)           0.489     9.253    design_alu_i/ALU_0/inst/mult_inst/i___0_carry__0_i_4__0_n_0
    SLICE_X46Y86         LUT5 (Prop_lut5_I0_O)        0.124     9.377 r  design_alu_i/ALU_0/inst/mult_inst/i___0_carry__0_i_8__0/O
                         net (fo=1, routed)           0.000     9.377    design_alu_i/ALU_0/inst/mult_inst/i___0_carry__0_i_8__0_n_0
    SLICE_X46Y86         CARRY4 (Prop_carry4_S[0]_O[0])
                                                      0.252     9.629 r  design_alu_i/ALU_0/inst/mult_inst/plusOp_inferred__6/i___0_carry__0/O[0]
                         net (fo=2, routed)           0.431    10.060    design_alu_i/ALU_0/inst/mult_inst/plusOp_inferred__6/i___0_carry__0_n_7
    SLICE_X49Y86         LUT5 (Prop_lut5_I0_O)        0.295    10.355 r  design_alu_i/ALU_0/inst/mult_inst/i___0_carry_i_1__0/O
                         net (fo=6, routed)           0.451    10.805    design_alu_i/ALU_0/inst/mult_inst/i___0_carry_i_1__0_n_0
    SLICE_X48Y86         LUT4 (Prop_lut4_I0_O)        0.124    10.929 r  design_alu_i/ALU_0/inst/mult_inst/i___0_carry_i_3__0__0/O
                         net (fo=1, routed)           0.000    10.929    design_alu_i/ALU_0/inst/mult_inst/i___0_carry_i_3__0__0_n_0
    SLICE_X48Y86         CARRY4 (Prop_carry4_S[3]_O[3])
                                                      0.248    11.177 r  design_alu_i/ALU_0/inst/mult_inst/plusOp_inferred__8/i___0_carry/O[3]
                         net (fo=3, routed)           0.500    11.677    design_alu_i/ALU_0/inst/mult_inst/plusOp_inferred__8/i___0_carry_n_4
    SLICE_X43Y87         LUT5 (Prop_lut5_I0_O)        0.306    11.983 r  design_alu_i/ALU_0/inst/mult_inst/i___0_carry_i_1/O
                         net (fo=6, routed)           0.315    12.298    design_alu_i/ALU_0/inst/mult_inst/i___0_carry_i_1_n_0
    SLICE_X44Y87         LUT3 (Prop_lut3_I0_O)        0.124    12.422 r  design_alu_i/ALU_0/inst/mult_inst/i___0_carry_i_3__1__0/O
                         net (fo=1, routed)           0.000    12.422    design_alu_i/ALU_0/inst/mult_inst/i___0_carry_i_3__1__0_n_0
    SLICE_X44Y87         CARRY4 (Prop_carry4_S[2]_O[2])
                                                      0.248    12.670 r  design_alu_i/ALU_0/inst/mult_inst/plusOp_inferred__10/i___0_carry/O[2]
                         net (fo=4, routed)           0.602    13.272    design_alu_i/ALU_0/inst/mult_inst/plusOp_inferred__10/i___0_carry_n_5
    SLICE_X43Y88         LUT5 (Prop_lut5_I0_O)        0.302    13.574 r  design_alu_i/ALU_0/inst/mult_inst/i___0_carry_i_2/O
                         net (fo=2, routed)           0.502    14.076    design_alu_i/ALU_0/inst/mult_inst/i___0_carry_i_2_n_0
    SLICE_X44Y90         CARRY4 (Prop_carry4_DI[1]_O[2])
                                                      0.537    14.613 f  design_alu_i/ALU_0/inst/mult_inst/plusOp_inferred__12/i__carry/O[2]
                         net (fo=1, routed)           0.828    15.441    design_alu_i/ALU_0/inst/mult_inst/plusOp_inferred__12/i__carry_n_5
    SLICE_X42Y88         LUT5 (Prop_lut5_I4_O)        0.326    15.767 r  design_alu_i/ALU_0/inst/mult_inst/result_reg[7]_i_4/O
                         net (fo=3, routed)           0.616    16.383    design_alu_i/ALU_0/inst/mult_inst/B_5_sn_1
    SLICE_X41Y89         LUT2 (Prop_lut2_I0_O)        0.328    16.711 r  design_alu_i/ALU_0/inst/mult_inst/i__carry_i_3__1/O
                         net (fo=1, routed)           0.000    16.711    design_alu_i/ALU_0/inst/mult_inst/i__carry_i_3__1_n_0
    SLICE_X41Y89         CARRY4 (Prop_carry4_S[1]_O[1])
                                                      0.227    16.938 r  design_alu_i/ALU_0/inst/mult_inst/plusOp_inferred__14/i__carry/O[1]
                         net (fo=1, routed)           0.505    17.443    design_alu_i/ALU_0/inst/mult_inst/plusOp_inferred__14/i__carry_n_6
    SLICE_X40Y89         LUT4 (Prop_lut4_I0_O)        0.303    17.746 r  design_alu_i/ALU_0/inst/mult_inst/result_reg[7]_i_2/O
                         net (fo=1, routed)           0.295    18.041    design_alu_i/ALU_0/inst/divider_inst/result_reg_reg[7]_0
    SLICE_X41Y88         LUT6 (Prop_lut6_I2_O)        0.124    18.165 r  design_alu_i/ALU_0/inst/divider_inst/result_reg[7]_i_1/O
                         net (fo=1, routed)           0.000    18.165    design_alu_i/ALU_0/inst/p_1_in[7]
    SLICE_X41Y88         FDCE                                         r  design_alu_i/ALU_0/inst/result_reg_reg[7]/D
  -------------------------------------------------------------------    -------------------

                         (clock clk_fpga_0 rise edge)
                                                     20.000    20.000 r  
    PS7_X0Y0             PS7                          0.000    20.000 r  design_alu_i/processing_system7_0/inst/PS7_i/FCLKCLK[0]
                         net (fo=1, routed)           1.088    21.088    design_alu_i/processing_system7_0/inst/FCLK_CLK_unbuffered[0]
    BUFGCTRL_X0Y16       BUFG (Prop_bufg_I_O)         0.091    21.179 r  design_alu_i/processing_system7_0/inst/buffer_fclk_clk_0.FCLK_CLK_0_BUFG/O
                         net (fo=1197, routed)        1.476    22.655    design_alu_i/ALU_0/inst/clk
    SLICE_X41Y88         FDCE                                         r  design_alu_i/ALU_0/inst/result_reg_reg[7]/C
                         clock pessimism              0.262    22.917    
                         clock uncertainty           -0.302    22.615    
    SLICE_X41Y88         FDCE (Setup_fdce_C_D)        0.029    22.644    design_alu_i/ALU_0/inst/result_reg_reg[7]
  -------------------------------------------------------------------
                         required time                         22.644    
                         arrival time                         -18.165    
  -------------------------------------------------------------------
                         slack                                  4.478    

Slack (MET) :             6.456ns  (required time - arrival time)
  Source:                 design_alu_i/axi_gpio_A/U0/gpio_core_1/Not_Dual.gpio_Data_Out_reg[7]/C
                            (rising edge-triggered cell FDRE clocked by clk_fpga_0  {rise@0.000ns fall@10.000ns period=20.000ns})
  Destination:            design_alu_i/ALU_0/inst/result_reg_reg[6]/D
                            (rising edge-triggered cell FDCE clocked by clk_fpga_0  {rise@0.000ns fall@10.000ns period=20.000ns})
  Path Group:             clk_fpga_0
  Path Type:              Setup (Max at Slow Process Corner)
  Requirement:            20.000ns  (clk_fpga_0 rise@20.000ns - clk_fpga_0 rise@0.000ns)
  Data Path Delay:        13.298ns  (logic 4.671ns (35.125%)  route 8.627ns (64.875%))
  Logic Levels:           19  (CARRY4=5 LUT2=1 LUT3=2 LUT4=2 LUT5=5 LUT6=4)
  Clock Path Skew:        -0.021ns (DCD - SCD + CPR)
    Destination Clock Delay (DCD):    2.654ns = ( 22.654 - 20.000 ) 
    Source Clock Delay      (SCD):    2.937ns
    Clock Pessimism Removal (CPR):    0.262ns
  Clock Uncertainty:      0.302ns  ((TSJ^2 + TIJ^2)^1/2 + DJ) / 2 + PE
    Total System Jitter     (TSJ):    0.071ns
    Total Input Jitter      (TIJ):    0.600ns
    Discrete Jitter          (DJ):    0.000ns
    Phase Error              (PE):    0.000ns

    Location             Delay type                Incr(ns)  Path(ns)    Netlist Resource(s)
  -------------------------------------------------------------------    -------------------
                         (clock clk_fpga_0 rise edge)
                                                      0.000     0.000 r  
    PS7_X0Y0             PS7                          0.000     0.000 r  design_alu_i/processing_system7_0/inst/PS7_i/FCLKCLK[0]
                         net (fo=1, routed)           1.193     1.193    design_alu_i/processing_system7_0/inst/FCLK_CLK_unbuffered[0]
    BUFGCTRL_X0Y16       BUFG (Prop_bufg_I_O)         0.101     1.294 r  design_alu_i/processing_system7_0/inst/buffer_fclk_clk_0.FCLK_CLK_0_BUFG/O
                         net (fo=1197, routed)        1.643     2.937    design_alu_i/axi_gpio_A/U0/gpio_core_1/s_axi_aclk
    SLICE_X40Y83         FDRE                                         r  design_alu_i/axi_gpio_A/U0/gpio_core_1/Not_Dual.gpio_Data_Out_reg[7]/C
  -------------------------------------------------------------------    -------------------
    SLICE_X40Y83         FDRE (Prop_fdre_C_Q)         0.419     3.356 f  design_alu_i/axi_gpio_A/U0/gpio_core_1/Not_Dual.gpio_Data_Out_reg[7]/Q
                         net (fo=69, routed)          1.006     4.362    design_alu_i/ALU_0/inst/mult_inst/A[0]
    SLICE_X40Y83         LUT6 (Prop_lut6_I1_O)        0.299     4.661 r  design_alu_i/ALU_0/inst/mult_inst/reg_Q[7]_i_2/O
                         net (fo=4, routed)           0.671     5.332    design_alu_i/ALU_0/inst/mult_inst/A[5]_0
    SLICE_X40Y84         LUT2 (Prop_lut2_I1_O)        0.124     5.456 r  design_alu_i/ALU_0/inst/mult_inst/reg_Q[6]_i_2/O
                         net (fo=14, routed)          0.610     6.066    design_alu_i/ALU_0/inst/mult_inst/A[6]_0
    SLICE_X41Y84         LUT3 (Prop_lut3_I0_O)        0.124     6.190 r  design_alu_i/ALU_0/inst/mult_inst/i___0_carry__0_i_6/O
                         net (fo=1, routed)           0.000     6.190    design_alu_i/ALU_0/inst/mult_inst/i___0_carry__0_i_6_n_0
    SLICE_X41Y84         CARRY4 (Prop_carry4_S[2]_O[2])
                                                      0.248     6.438 r  design_alu_i/ALU_0/inst/mult_inst/plusOp_inferred__2/i___0_carry__0/O[2]
                         net (fo=2, routed)           0.575     7.013    design_alu_i/ALU_0/inst/mult_inst/plusOp_inferred__2/i___0_carry__0_n_5
    SLICE_X45Y84         LUT5 (Prop_lut5_I4_O)        0.302     7.315 r  design_alu_i/ALU_0/inst/mult_inst/i___0_carry__0_i_3__0/O
                         net (fo=5, routed)           0.333     7.648    design_alu_i/ALU_0/inst/mult_inst/i___0_carry__0_i_3__0_n_0
    SLICE_X44Y85         LUT6 (Prop_lut6_I0_O)        0.124     7.772 r  design_alu_i/ALU_0/inst/mult_inst/i___0_carry__0_i_6__2/O
                         net (fo=1, routed)           0.000     7.772    design_alu_i/ALU_0/inst/mult_inst/i___0_carry__0_i_6__2_n_0
    SLICE_X44Y85         CARRY4 (Prop_carry4_S[1]_O[1])
                                                      0.227     7.999 r  design_alu_i/ALU_0/inst/mult_inst/plusOp_inferred__4/i___0_carry__0/O[1]
                         net (fo=2, routed)           0.461     8.461    design_alu_i/ALU_0/inst/mult_inst/plusOp_inferred__4/i___0_carry__0_n_6
    SLICE_X45Y84         LUT5 (Prop_lut5_I0_O)        0.303     8.764 r  design_alu_i/ALU_0/inst/mult_inst/i___0_carry__0_i_4__0/O
                         net (fo=5, routed)           0.489     9.253    design_alu_i/ALU_0/inst/mult_inst/i___0_carry__0_i_4__0_n_0
    SLICE_X46Y86         LUT5 (Prop_lut5_I0_O)        0.124     9.377 r  design_alu_i/ALU_0/inst/mult_inst/i___0_carry__0_i_8__0/O
                         net (fo=1, routed)           0.000     9.377    design_alu_i/ALU_0/inst/mult_inst/i___0_carry__0_i_8__0_n_0
    SLICE_X46Y86         CARRY4 (Prop_carry4_S[0]_O[0])
                                                      0.252     9.629 r  design_alu_i/ALU_0/inst/mult_inst/plusOp_inferred__6/i___0_carry__0/O[0]
                         net (fo=2, routed)           0.431    10.060    design_alu_i/ALU_0/inst/mult_inst/plusOp_inferred__6/i___0_carry__0_n_7
    SLICE_X49Y86         LUT5 (Prop_lut5_I0_O)        0.295    10.355 r  design_alu_i/ALU_0/inst/mult_inst/i___0_carry_i_1__0/O
                         net (fo=6, routed)           0.451    10.805    design_alu_i/ALU_0/inst/mult_inst/i___0_carry_i_1__0_n_0
    SLICE_X48Y86         LUT4 (Prop_lut4_I0_O)        0.124    10.929 r  design_alu_i/ALU_0/inst/mult_inst/i___0_carry_i_3__0__0/O
                         net (fo=1, routed)           0.000    10.929    design_alu_i/ALU_0/inst/mult_inst/i___0_carry_i_3__0__0_n_0
    SLICE_X48Y86         CARRY4 (Prop_carry4_S[3]_O[3])
                                                      0.248    11.177 r  design_alu_i/ALU_0/inst/mult_inst/plusOp_inferred__8/i___0_carry/O[3]
                         net (fo=3, routed)           0.500    11.677    design_alu_i/ALU_0/inst/mult_inst/plusOp_inferred__8/i___0_carry_n_4
    SLICE_X43Y87         LUT5 (Prop_lut5_I0_O)        0.306    11.983 r  design_alu_i/ALU_0/inst/mult_inst/i___0_carry_i_1/O
                         net (fo=6, routed)           0.315    12.298    design_alu_i/ALU_0/inst/mult_inst/i___0_carry_i_1_n_0
    SLICE_X44Y87         LUT3 (Prop_lut3_I0_O)        0.124    12.422 r  design_alu_i/ALU_0/inst/mult_inst/i___0_carry_i_3__1__0/O
                         net (fo=1, routed)           0.000    12.422    design_alu_i/ALU_0/inst/mult_inst/i___0_carry_i_3__1__0_n_0
    SLICE_X44Y87         CARRY4 (Prop_carry4_S[2]_O[2])
                                                      0.248    12.670 r  design_alu_i/ALU_0/inst/mult_inst/plusOp_inferred__10/i___0_carry/O[2]
                         net (fo=4, routed)           0.937    13.607    design_alu_i/ALU_0/inst/mult_inst/plusOp_inferred__10/i___0_carry_n_5
    SLICE_X46Y89         LUT4 (Prop_lut4_I3_O)        0.328    13.935 r  design_alu_i/ALU_0/inst/mult_inst/i__carry_i_5__1/O
                         net (fo=3, routed)           1.255    15.190    design_alu_i/ALU_0/inst/mult_inst/i__carry_i_5__1_n_0
    SLICE_X42Y88         LUT6 (Prop_lut6_I2_O)        0.328    15.518 r  design_alu_i/ALU_0/inst/mult_inst/result_reg[6]_i_3/O
                         net (fo=1, routed)           0.593    16.111    design_alu_i/ALU_0/inst/mult_inst/p[9]
    SLICE_X42Y87         LUT6 (Prop_lut6_I3_O)        0.124    16.235 r  design_alu_i/ALU_0/inst/mult_inst/result_reg[6]_i_1/O
                         net (fo=1, routed)           0.000    16.235    design_alu_i/ALU_0/inst/p_1_in[6]
    SLICE_X42Y87         FDCE                                         r  design_alu_i/ALU_0/inst/result_reg_reg[6]/D
  -------------------------------------------------------------------    -------------------

                         (clock clk_fpga_0 rise edge)
                                                     20.000    20.000 r  
    PS7_X0Y0             PS7                          0.000    20.000 r  design_alu_i/processing_system7_0/inst/PS7_i/FCLKCLK[0]
                         net (fo=1, routed)           1.088    21.088    design_alu_i/processing_system7_0/inst/FCLK_CLK_unbuffered[0]
    BUFGCTRL_X0Y16       BUFG (Prop_bufg_I_O)         0.091    21.179 r  design_alu_i/processing_system7_0/inst/buffer_fclk_clk_0.FCLK_CLK_0_BUFG/O
                         net (fo=1197, routed)        1.475    22.654    design_alu_i/ALU_0/inst/clk
    SLICE_X42Y87         FDCE                                         r  design_alu_i/ALU_0/inst/result_reg_reg[6]/C
                         clock pessimism              0.262    22.916    
                         clock uncertainty           -0.302    22.614    
    SLICE_X42Y87         FDCE (Setup_fdce_C_D)        0.077    22.691    design_alu_i/ALU_0/inst/result_reg_reg[6]
  -------------------------------------------------------------------
                         required time                         22.691    
                         arrival time                         -16.235    
  -------------------------------------------------------------------
                         slack                                  6.456    





Min Delay Paths
--------------------------------------------------------------------------------------
Slack (MET) :             0.025ns  (arrival time - required time)
  Source:                 design_alu_i/ps7_0_axi_periph/s00_couplers/auto_pc/inst/gen_axilite.gen_b2s_conv.axilite_b2s/WR.aw_channel_0/s_awid_r_reg[3]/C
                            (rising edge-triggered cell FDRE clocked by clk_fpga_0  {rise@0.000ns fall@10.000ns period=20.000ns})
  Destination:            design_alu_i/ps7_0_axi_periph/s00_couplers/auto_pc/inst/gen_axilite.gen_b2s_conv.axilite_b2s/WR.b_channel_0/bid_fifo_0/memory_reg[3][11]_srl4/D
                            (rising edge-triggered cell SRL16E clocked by clk_fpga_0  {rise@0.000ns fall@10.000ns period=20.000ns})
  Path Group:             clk_fpga_0
  Path Type:              Hold (Min at Fast Process Corner)
  Requirement:            0.000ns  (clk_fpga_0 rise@0.000ns - clk_fpga_0 rise@0.000ns)
  Data Path Delay:        0.313ns  (logic 0.141ns (45.099%)  route 0.172ns (54.901%))
  Logic Levels:           0  
  Clock Path Skew:        0.180ns (DCD - SCD - CPR)
    Destination Clock Delay (DCD):    1.210ns
    Source Clock Delay      (SCD):    0.995ns
    Clock Pessimism Removal (CPR):    0.035ns

    Location             Delay type                Incr(ns)  Path(ns)    Netlist Resource(s)
  -------------------------------------------------------------------    -------------------
                         (clock clk_fpga_0 rise edge)
                                                      0.000     0.000 r  
    PS7_X0Y0             PS7                          0.000     0.000 r  design_alu_i/processing_system7_0/inst/PS7_i/FCLKCLK[0]
                         net (fo=1, routed)           0.310     0.310    design_alu_i/processing_system7_0/inst/FCLK_CLK_unbuffered[0]
    BUFGCTRL_X0Y16       BUFG (Prop_bufg_I_O)         0.026     0.336 r  design_alu_i/processing_system7_0/inst/buffer_fclk_clk_0.FCLK_CLK_0_BUFG/O
                         net (fo=1197, routed)        0.659     0.995    design_alu_i/ps7_0_axi_periph/s00_couplers/auto_pc/inst/gen_axilite.gen_b2s_conv.axilite_b2s/WR.aw_channel_0/aclk
    SLICE_X29Y100        FDRE                                         r  design_alu_i/ps7_0_axi_periph/s00_couplers/auto_pc/inst/gen_axilite.gen_b2s_conv.axilite_b2s/WR.aw_channel_0/s_awid_r_reg[3]/C
  -------------------------------------------------------------------    -------------------
    SLICE_X29Y100        FDRE (Prop_fdre_C_Q)         0.141     1.136 r  design_alu_i/ps7_0_axi_periph/s00_couplers/auto_pc/inst/gen_axilite.gen_b2s_conv.axilite_b2s/WR.aw_channel_0/s_awid_r_reg[3]/Q
                         net (fo=1, routed)           0.172     1.308    design_alu_i/ps7_0_axi_periph/s00_couplers/auto_pc/inst/gen_axilite.gen_b2s_conv.axilite_b2s/WR.b_channel_0/bid_fifo_0/in[7]
    SLICE_X26Y98         SRL16E                                       r  design_alu_i/ps7_0_axi_periph/s00_couplers/auto_pc/inst/gen_axilite.gen_b2s_conv.axilite_b2s/WR.b_channel_0/bid_fifo_0/memory_reg[3][11]_srl4/D
  -------------------------------------------------------------------    -------------------

                         (clock clk_fpga_0 rise edge)
                                                      0.000     0.000 r  
    PS7_X0Y0             PS7                          0.000     0.000 r  design_alu_i/processing_system7_0/inst/PS7_i/FCLKCLK[0]
                         net (fo=1, routed)           0.337     0.337    design_alu_i/processing_system7_0/inst/FCLK_CLK_unbuffered[0]
    BUFGCTRL_X0Y16       BUFG (Prop_bufg_I_O)         0.029     0.366 r  design_alu_i/processing_system7_0/inst/buffer_fclk_clk_0.FCLK_CLK_0_BUFG/O
                         net (fo=1197, routed)        0.844     1.210    design_alu_i/ps7_0_axi_periph/s00_couplers/auto_pc/inst/gen_axilite.gen_b2s_conv.axilite_b2s/WR.b_channel_0/bid_fifo_0/aclk
    SLICE_X26Y98         SRL16E                                       r  design_alu_i/ps7_0_axi_periph/s00_couplers/auto_pc/inst/gen_axilite.gen_b2s_conv.axilite_b2s/WR.b_channel_0/bid_fifo_0/memory_reg[3][11]_srl4/CLK
                         clock pessimism             -0.035     1.175    
    SLICE_X26Y98         SRL16E (Hold_srl16e_CLK_D)
                                                      0.108     1.283    design_alu_i/ps7_0_axi_periph/s00_couplers/auto_pc/inst/gen_axilite.gen_b2s_conv.axilite_b2s/WR.b_channel_0/bid_fifo_0/memory_reg[3][11]_srl4
  -------------------------------------------------------------------
                         required time                         -1.283    
                         arrival time                           1.308    
  -------------------------------------------------------------------
                         slack                                  0.025    

Slack (MET) :             0.037ns  (arrival time - required time)
  Source:                 design_alu_i/ps7_0_axi_periph/s00_couplers/auto_pc/inst/gen_axilite.gen_b2s_conv.axilite_b2s/WR.aw_channel_0/s_awid_r_reg[2]/C
                            (rising edge-triggered cell FDRE clocked by clk_fpga_0  {rise@0.000ns fall@10.000ns period=20.000ns})
  Destination:            design_alu_i/ps7_0_axi_periph/s00_couplers/auto_pc/inst/gen_axilite.gen_b2s_conv.axilite_b2s/WR.b_channel_0/bid_fifo_0/memory_reg[3][10]_srl4/D
                            (rising edge-triggered cell SRL16E clocked by clk_fpga_0  {rise@0.000ns fall@10.000ns period=20.000ns})
  Path Group:             clk_fpga_0
  Path Type:              Hold (Min at Fast Process Corner)
  Requirement:            0.000ns  (clk_fpga_0 rise@0.000ns - clk_fpga_0 rise@0.000ns)
  Data Path Delay:        0.311ns  (logic 0.141ns (45.290%)  route 0.170ns (54.710%))
  Logic Levels:           0  
  Clock Path Skew:        0.180ns (DCD - SCD - CPR)
    Destination Clock Delay (DCD):    1.210ns
    Source Clock Delay      (SCD):    0.995ns
    Clock Pessimism Removal (CPR):    0.035ns

    Location             Delay type                Incr(ns)  Path(ns)    Netlist Resource(s)
  -------------------------------------------------------------------    -------------------
                         (clock clk_fpga_0 rise edge)
                                                      0.000     0.000 r  
    PS7_X0Y0             PS7                          0.000     0.000 r  design_alu_i/processing_system7_0/inst/PS7_i/FCLKCLK[0]
                         net (fo=1, routed)           0.310     0.310    design_alu_i/processing_system7_0/inst/FCLK_CLK_unbuffered[0]
    BUFGCTRL_X0Y16       BUFG (Prop_bufg_I_O)         0.026     0.336 r  design_alu_i/processing_system7_0/inst/buffer_fclk_clk_0.FCLK_CLK_0_BUFG/O
                         net (fo=1197, routed)        0.659     0.995    design_alu_i/ps7_0_axi_periph/s00_couplers/auto_pc/inst/gen_axilite.gen_b2s_conv.axilite_b2s/WR.aw_channel_0/aclk
    SLICE_X29Y100        FDRE                                         r  design_alu_i/ps7_0_axi_periph/s00_couplers/auto_pc/inst/gen_axilite.gen_b2s_conv.axilite_b2s/WR.aw_channel_0/s_awid_r_reg[2]/C
  -------------------------------------------------------------------    -------------------
    SLICE_X29Y100        FDRE (Prop_fdre_C_Q)         0.141     1.136 r  design_alu_i/ps7_0_axi_periph/s00_couplers/auto_pc/inst/gen_axilite.gen_b2s_conv.axilite_b2s/WR.aw_channel_0/s_awid_r_reg[2]/Q
                         net (fo=1, routed)           0.170     1.306    design_alu_i/ps7_0_axi_periph/s00_couplers/auto_pc/inst/gen_axilite.gen_b2s_conv.axilite_b2s/WR.b_channel_0/bid_fifo_0/in[6]
    SLICE_X26Y98         SRL16E                                       r  design_alu_i/ps7_0_axi_periph/s00_couplers/auto_pc/inst/gen_axilite.gen_b2s_conv.axilite_b2s/WR.b_channel_0/bid_fifo_0/memory_reg[3][10]_srl4/D
  -------------------------------------------------------------------    -------------------

                         (clock clk_fpga_0 rise edge)
                                                      0.000     0.000 r  
    PS7_X0Y0             PS7                          0.000     0.000 r  design_alu_i/processing_system7_0/inst/PS7_i/FCLKCLK[0]
                         net (fo=1, routed)           0.337     0.337    design_alu_i/processing_system7_0/inst/FCLK_CLK_unbuffered[0]
    BUFGCTRL_X0Y16       BUFG (Prop_bufg_I_O)         0.029     0.366 r  design_alu_i/processing_system7_0/inst/buffer_fclk_clk_0.FCLK_CLK_0_BUFG/O
                         net (fo=1197, routed)        0.844     1.210    design_alu_i/ps7_0_axi_periph/s00_couplers/auto_pc/inst/gen_axilite.gen_b2s_conv.axilite_b2s/WR.b_channel_0/bid_fifo_0/aclk
    SLICE_X26Y98         SRL16E                                       r  design_alu_i/ps7_0_axi_periph/s00_couplers/auto_pc/inst/gen_axilite.gen_b2s_conv.axilite_b2s/WR.b_channel_0/bid_fifo_0/memory_reg[3][10]_srl4/CLK
                         clock pessimism             -0.035     1.175    
    SLICE_X26Y98         SRL16E (Hold_srl16e_CLK_D)
                                                      0.094     1.269    design_alu_i/ps7_0_axi_periph/s00_couplers/auto_pc/inst/gen_axilite.gen_b2s_conv.axilite_b2s/WR.b_channel_0/bid_fifo_0/memory_reg[3][10]_srl4
  -------------------------------------------------------------------
                         required time                         -1.269    
                         arrival time                           1.306    
  -------------------------------------------------------------------
                         slack                                  0.037    

Slack (MET) :             0.059ns  (arrival time - required time)
  Source:                 design_alu_i/ps7_0_axi_periph/s00_couplers/auto_pc/inst/gen_axilite.gen_b2s_conv.axilite_b2s/WR.aw_channel_0/s_awid_r_reg[6]/C
                            (rising edge-triggered cell FDRE clocked by clk_fpga_0  {rise@0.000ns fall@10.000ns period=20.000ns})
  Destination:            design_alu_i/ps7_0_axi_periph/s00_couplers/auto_pc/inst/gen_axilite.gen_b2s_conv.axilite_b2s/WR.b_channel_0/bid_fifo_0/memory_reg[3][14]_srl4/D
                            (rising edge-triggered cell SRL16E clocked by clk_fpga_0  {rise@0.000ns fall@10.000ns period=20.000ns})
  Path Group:             clk_fpga_0
  Path Type:              Hold (Min at Fast Process Corner)
  Requirement:            0.000ns  (clk_fpga_0 rise@0.000ns - clk_fpga_0 rise@0.000ns)
  Data Path Delay:        0.348ns  (logic 0.141ns (40.488%)  route 0.207ns (59.512%))
  Logic Levels:           0  
  Clock Path Skew:        0.180ns (DCD - SCD - CPR)
    Destination Clock Delay (DCD):    1.210ns
    Source Clock Delay      (SCD):    0.995ns
    Clock Pessimism Removal (CPR):    0.035ns

    Location             Delay type                Incr(ns)  Path(ns)    Netlist Resource(s)
  -------------------------------------------------------------------    -------------------
                         (clock clk_fpga_0 rise edge)
                                                      0.000     0.000 r  
    PS7_X0Y0             PS7                          0.000     0.000 r  design_alu_i/processing_system7_0/inst/PS7_i/FCLKCLK[0]
                         net (fo=1, routed)           0.310     0.310    design_alu_i/processing_system7_0/inst/FCLK_CLK_unbuffered[0]
    BUFGCTRL_X0Y16       BUFG (Prop_bufg_I_O)         0.026     0.336 r  design_alu_i/processing_system7_0/inst/buffer_fclk_clk_0.FCLK_CLK_0_BUFG/O
                         net (fo=1197, routed)        0.659     0.995    design_alu_i/ps7_0_axi_periph/s00_couplers/auto_pc/inst/gen_axilite.gen_b2s_conv.axilite_b2s/WR.aw_channel_0/aclk
    SLICE_X28Y100        FDRE                                         r  design_alu_i/ps7_0_axi_periph/s00_couplers/auto_pc/inst/gen_axilite.gen_b2s_conv.axilite_b2s/WR.aw_channel_0/s_awid_r_reg[6]/C
  -------------------------------------------------------------------    -------------------
    SLICE_X28Y100        FDRE (Prop_fdre_C_Q)         0.141     1.136 r  design_alu_i/ps7_0_axi_periph/s00_couplers/auto_pc/inst/gen_axilite.gen_b2s_conv.axilite_b2s/WR.aw_channel_0/s_awid_r_reg[6]/Q
                         net (fo=1, routed)           0.207     1.343    design_alu_i/ps7_0_axi_periph/s00_couplers/auto_pc/inst/gen_axilite.gen_b2s_conv.axilite_b2s/WR.b_channel_0/bid_fifo_0/in[10]
    SLICE_X26Y98         SRL16E                                       r  design_alu_i/ps7_0_axi_periph/s00_couplers/auto_pc/inst/gen_axilite.gen_b2s_conv.axilite_b2s/WR.b_channel_0/bid_fifo_0/memory_reg[3][14]_srl4/D
  -------------------------------------------------------------------    -------------------

                         (clock clk_fpga_0 rise edge)
                                                      0.000     0.000 r  
    PS7_X0Y0             PS7                          0.000     0.000 r  design_alu_i/processing_system7_0/inst/PS7_i/FCLKCLK[0]
                         net (fo=1, routed)           0.337     0.337    design_alu_i/processing_system7_0/inst/FCLK_CLK_unbuffered[0]
    BUFGCTRL_X0Y16       BUFG (Prop_bufg_I_O)         0.029     0.366 r  design_alu_i/processing_system7_0/inst/buffer_fclk_clk_0.FCLK_CLK_0_BUFG/O
                         net (fo=1197, routed)        0.844     1.210    design_alu_i/ps7_0_axi_periph/s00_couplers/auto_pc/inst/gen_axilite.gen_b2s_conv.axilite_b2s/WR.b_channel_0/bid_fifo_0/aclk
    SLICE_X26Y98         SRL16E                                       r  design_alu_i/ps7_0_axi_periph/s00_couplers/auto_pc/inst/gen_axilite.gen_b2s_conv.axilite_b2s/WR.b_channel_0/bid_fifo_0/memory_reg[3][14]_srl4/CLK
                         clock pessimism             -0.035     1.175    
    SLICE_X26Y98         SRL16E (Hold_srl16e_CLK_D)
                                                      0.109     1.284    design_alu_i/ps7_0_axi_periph/s00_couplers/auto_pc/inst/gen_axilite.gen_b2s_conv.axilite_b2s/WR.b_channel_0/bid_fifo_0/memory_reg[3][14]_srl4
  -------------------------------------------------------------------
                         required time                         -1.284    
                         arrival time                           1.343    
  -------------------------------------------------------------------
                         slack                                  0.059    

Slack (MET) :             0.100ns  (arrival time - required time)
  Source:                 design_alu_i/ps7_0_axi_periph/xbar/inst/gen_sasd.crossbar_sasd_0/reg_slice_r/m_payload_i_reg[12]/C
                            (rising edge-triggered cell FDRE clocked by clk_fpga_0  {rise@0.000ns fall@10.000ns period=20.000ns})
  Destination:            design_alu_i/ps7_0_axi_periph/s00_couplers/auto_pc/inst/gen_axilite.gen_b2s_conv.axilite_b2s/RD.r_channel_0/rd_data_fifo_0/memory_reg[31][9]_srl32/D
                            (rising edge-triggered cell SRLC32E clocked by clk_fpga_0  {rise@0.000ns fall@10.000ns period=20.000ns})
  Path Group:             clk_fpga_0
  Path Type:              Hold (Min at Fast Process Corner)
  Requirement:            0.000ns  (clk_fpga_0 rise@0.000ns - clk_fpga_0 rise@0.000ns)
  Data Path Delay:        0.316ns  (logic 0.141ns (44.684%)  route 0.175ns (55.316%))
  Logic Levels:           0  
  Clock Path Skew:        0.033ns (DCD - SCD - CPR)
    Destination Clock Delay (DCD):    1.190ns
    Source Clock Delay      (SCD):    0.893ns
    Clock Pessimism Removal (CPR):    0.264ns

    Location             Delay type                Incr(ns)  Path(ns)    Netlist Resource(s)
  -------------------------------------------------------------------    -------------------
                         (clock clk_fpga_0 rise edge)
                                                      0.000     0.000 r  
    PS7_X0Y0             PS7                          0.000     0.000 r  design_alu_i/processing_system7_0/inst/PS7_i/FCLKCLK[0]
                         net (fo=1, routed)           0.310     0.310    design_alu_i/processing_system7_0/inst/FCLK_CLK_unbuffered[0]
    BUFGCTRL_X0Y16       BUFG (Prop_bufg_I_O)         0.026     0.336 r  design_alu_i/processing_system7_0/inst/buffer_fclk_clk_0.FCLK_CLK_0_BUFG/O
                         net (fo=1197, routed)        0.557     0.893    design_alu_i/ps7_0_axi_periph/xbar/inst/gen_sasd.crossbar_sasd_0/reg_slice_r/aclk
    SLICE_X33Y90         FDRE                                         r  design_alu_i/ps7_0_axi_periph/xbar/inst/gen_sasd.crossbar_sasd_0/reg_slice_r/m_payload_i_reg[12]/C
  -------------------------------------------------------------------    -------------------
    SLICE_X33Y90         FDRE (Prop_fdre_C_Q)         0.141     1.034 r  design_alu_i/ps7_0_axi_periph/xbar/inst/gen_sasd.crossbar_sasd_0/reg_slice_r/m_payload_i_reg[12]/Q
                         net (fo=1, routed)           0.175     1.208    design_alu_i/ps7_0_axi_periph/s00_couplers/auto_pc/inst/gen_axilite.gen_b2s_conv.axilite_b2s/RD.r_channel_0/rd_data_fifo_0/in[9]
    SLICE_X34Y90         SRLC32E                                      r  design_alu_i/ps7_0_axi_periph/s00_couplers/auto_pc/inst/gen_axilite.gen_b2s_conv.axilite_b2s/RD.r_channel_0/rd_data_fifo_0/memory_reg[31][9]_srl32/D
  -------------------------------------------------------------------    -------------------

                         (clock clk_fpga_0 rise edge)
                                                      0.000     0.000 r  
    PS7_X0Y0             PS7                          0.000     0.000 r  design_alu_i/processing_system7_0/inst/PS7_i/FCLKCLK[0]
                         net (fo=1, routed)           0.337     0.337    design_alu_i/processing_system7_0/inst/FCLK_CLK_unbuffered[0]
    BUFGCTRL_X0Y16       BUFG (Prop_bufg_I_O)         0.029     0.366 r  design_alu_i/processing_system7_0/inst/buffer_fclk_clk_0.FCLK_CLK_0_BUFG/O
                         net (fo=1197, routed)        0.824     1.190    design_alu_i/ps7_0_axi_periph/s00_couplers/auto_pc/inst/gen_axilite.gen_b2s_conv.axilite_b2s/RD.r_channel_0/rd_data_fifo_0/aclk
    SLICE_X34Y90         SRLC32E                                      r  design_alu_i/ps7_0_axi_periph/s00_couplers/auto_pc/inst/gen_axilite.gen_b2s_conv.axilite_b2s/RD.r_channel_0/rd_data_fifo_0/memory_reg[31][9]_srl32/CLK
                         clock pessimism             -0.264     0.926    
    SLICE_X34Y90         SRLC32E (Hold_srlc32e_CLK_D)
                                                      0.183     1.109    design_alu_i/ps7_0_axi_periph/s00_couplers/auto_pc/inst/gen_axilite.gen_b2s_conv.axilite_b2s/RD.r_channel_0/rd_data_fifo_0/memory_reg[31][9]_srl32
  -------------------------------------------------------------------
                         required time                         -1.109    
                         arrival time                           1.208    
  -------------------------------------------------------------------
                         slack                                  0.100    

Slack (MET) :             0.104ns  (arrival time - required time)
  Source:                 design_alu_i/ps7_0_axi_periph/xbar/inst/gen_sasd.crossbar_sasd_0/reg_slice_r/m_payload_i_reg[16]/C
                            (rising edge-triggered cell FDRE clocked by clk_fpga_0  {rise@0.000ns fall@10.000ns period=20.000ns})
  Destination:            design_alu_i/ps7_0_axi_periph/s00_couplers/auto_pc/inst/gen_axilite.gen_b2s_conv.axilite_b2s/RD.r_channel_0/rd_data_fifo_0/memory_reg[31][13]_srl32/D
                            (rising edge-triggered cell SRLC32E clocked by clk_fpga_0  {rise@0.000ns fall@10.000ns period=20.000ns})
  Path Group:             clk_fpga_0
  Path Type:              Hold (Min at Fast Process Corner)
  Requirement:            0.000ns  (clk_fpga_0 rise@0.000ns - clk_fpga_0 rise@0.000ns)
  Data Path Delay:        0.254ns  (logic 0.141ns (55.522%)  route 0.113ns (44.478%))
  Logic Levels:           0  
  Clock Path Skew:        0.033ns (DCD - SCD - CPR)
    Destination Clock Delay (DCD):    1.190ns
    Source Clock Delay      (SCD):    0.893ns
    Clock Pessimism Removal (CPR):    0.264ns

    Location             Delay type                Incr(ns)  Path(ns)    Netlist Resource(s)
  -------------------------------------------------------------------    -------------------
                         (clock clk_fpga_0 rise edge)
                                                      0.000     0.000 r  
    PS7_X0Y0             PS7                          0.000     0.000 r  design_alu_i/processing_system7_0/inst/PS7_i/FCLKCLK[0]
                         net (fo=1, routed)           0.310     0.310    design_alu_i/processing_system7_0/inst/FCLK_CLK_unbuffered[0]
    BUFGCTRL_X0Y16       BUFG (Prop_bufg_I_O)         0.026     0.336 r  design_alu_i/processing_system7_0/inst/buffer_fclk_clk_0.FCLK_CLK_0_BUFG/O
                         net (fo=1197, routed)        0.557     0.893    design_alu_i/ps7_0_axi_periph/xbar/inst/gen_sasd.crossbar_sasd_0/reg_slice_r/aclk
    SLICE_X33Y90         FDRE                                         r  design_alu_i/ps7_0_axi_periph/xbar/inst/gen_sasd.crossbar_sasd_0/reg_slice_r/m_payload_i_reg[16]/C
  -------------------------------------------------------------------    -------------------
    SLICE_X33Y90         FDRE (Prop_fdre_C_Q)         0.141     1.034 r  design_alu_i/ps7_0_axi_periph/xbar/inst/gen_sasd.crossbar_sasd_0/reg_slice_r/m_payload_i_reg[16]/Q
                         net (fo=1, routed)           0.113     1.147    design_alu_i/ps7_0_axi_periph/s00_couplers/auto_pc/inst/gen_axilite.gen_b2s_conv.axilite_b2s/RD.r_channel_0/rd_data_fifo_0/in[13]
    SLICE_X34Y90         SRLC32E                                      r  design_alu_i/ps7_0_axi_periph/s00_couplers/auto_pc/inst/gen_axilite.gen_b2s_conv.axilite_b2s/RD.r_channel_0/rd_data_fifo_0/memory_reg[31][13]_srl32/D
  -------------------------------------------------------------------    -------------------

                         (clock clk_fpga_0 rise edge)
                                                      0.000     0.000 r  
    PS7_X0Y0             PS7                          0.000     0.000 r  design_alu_i/processing_system7_0/inst/PS7_i/FCLKCLK[0]
                         net (fo=1, routed)           0.337     0.337    design_alu_i/processing_system7_0/inst/FCLK_CLK_unbuffered[0]
    BUFGCTRL_X0Y16       BUFG (Prop_bufg_I_O)         0.029     0.366 r  design_alu_i/processing_system7_0/inst/buffer_fclk_clk_0.FCLK_CLK_0_BUFG/O
                         net (fo=1197, routed)        0.824     1.190    design_alu_i/ps7_0_axi_periph/s00_couplers/auto_pc/inst/gen_axilite.gen_b2s_conv.axilite_b2s/RD.r_channel_0/rd_data_fifo_0/aclk
    SLICE_X34Y90         SRLC32E                                      r  design_alu_i/ps7_0_axi_periph/s00_couplers/auto_pc/inst/gen_axilite.gen_b2s_conv.axilite_b2s/RD.r_channel_0/rd_data_fifo_0/memory_reg[31][13]_srl32/CLK
                         clock pessimism             -0.264     0.926    
    SLICE_X34Y90         SRLC32E (Hold_srlc32e_CLK_D)
                                                      0.117     1.043    design_alu_i/ps7_0_axi_periph/s00_couplers/auto_pc/inst/gen_axilite.gen_b2s_conv.axilite_b2s/RD.r_channel_0/rd_data_fifo_0/memory_reg[31][13]_srl32
  -------------------------------------------------------------------
                         required time                         -1.043    
                         arrival time                           1.147    
  -------------------------------------------------------------------
                         slack                                  0.104    

Slack (MET) :             0.108ns  (arrival time - required time)
  Source:                 design_alu_i/ps7_0_axi_periph/s00_couplers/auto_pc/inst/gen_axilite.gen_b2s_conv.axilite_b2s/WR.aw_channel_0/s_awid_r_reg[5]/C
                            (rising edge-triggered cell FDRE clocked by clk_fpga_0  {rise@0.000ns fall@10.000ns period=20.000ns})
  Destination:            design_alu_i/ps7_0_axi_periph/s00_couplers/auto_pc/inst/gen_axilite.gen_b2s_conv.axilite_b2s/WR.b_channel_0/bid_fifo_0/memory_reg[3][13]_srl4/D
                            (rising edge-triggered cell SRL16E clocked by clk_fpga_0  {rise@0.000ns fall@10.000ns period=20.000ns})
  Path Group:             clk_fpga_0
  Path Type:              Hold (Min at Fast Process Corner)
  Requirement:            0.000ns  (clk_fpga_0 rise@0.000ns - clk_fpga_0 rise@0.000ns)
  Data Path Delay:        0.256ns  (logic 0.141ns (54.984%)  route 0.115ns (45.016%))
  Logic Levels:           0  
  Clock Path Skew:        0.033ns (DCD - SCD - CPR)
    Destination Clock Delay (DCD):    1.210ns
    Source Clock Delay      (SCD):    0.913ns
    Clock Pessimism Removal (CPR):    0.264ns

    Location             Delay type                Incr(ns)  Path(ns)    Netlist Resource(s)
  -------------------------------------------------------------------    -------------------
                         (clock clk_fpga_0 rise edge)
                                                      0.000     0.000 r  
    PS7_X0Y0             PS7                          0.000     0.000 r  design_alu_i/processing_system7_0/inst/PS7_i/FCLKCLK[0]
                         net (fo=1, routed)           0.310     0.310    design_alu_i/processing_system7_0/inst/FCLK_CLK_unbuffered[0]
    BUFGCTRL_X0Y16       BUFG (Prop_bufg_I_O)         0.026     0.336 r  design_alu_i/processing_system7_0/inst/buffer_fclk_clk_0.FCLK_CLK_0_BUFG/O
                         net (fo=1197, routed)        0.577     0.913    design_alu_i/ps7_0_axi_periph/s00_couplers/auto_pc/inst/gen_axilite.gen_b2s_conv.axilite_b2s/WR.aw_channel_0/aclk
    SLICE_X29Y98         FDRE                                         r  design_alu_i/ps7_0_axi_periph/s00_couplers/auto_pc/inst/gen_axilite.gen_b2s_conv.axilite_b2s/WR.aw_channel_0/s_awid_r_reg[5]/C
  -------------------------------------------------------------------    -------------------
    SLICE_X29Y98         FDRE (Prop_fdre_C_Q)         0.141     1.054 r  design_alu_i/ps7_0_axi_periph/s00_couplers/auto_pc/inst/gen_axilite.gen_b2s_conv.axilite_b2s/WR.aw_channel_0/s_awid_r_reg[5]/Q
                         net (fo=1, routed)           0.115     1.169    design_alu_i/ps7_0_axi_periph/s00_couplers/auto_pc/inst/gen_axilite.gen_b2s_conv.axilite_b2s/WR.b_channel_0/bid_fifo_0/in[9]
    SLICE_X26Y98         SRL16E                                       r  design_alu_i/ps7_0_axi_periph/s00_couplers/auto_pc/inst/gen_axilite.gen_b2s_conv.axilite_b2s/WR.b_channel_0/bid_fifo_0/memory_reg[3][13]_srl4/D
  -------------------------------------------------------------------    -------------------

                         (clock clk_fpga_0 rise edge)
                                                      0.000     0.000 r  
    PS7_X0Y0             PS7                          0.000     0.000 r  design_alu_i/processing_system7_0/inst/PS7_i/FCLKCLK[0]
                         net (fo=1, routed)           0.337     0.337    design_alu_i/processing_system7_0/inst/FCLK_CLK_unbuffered[0]
    BUFGCTRL_X0Y16       BUFG (Prop_bufg_I_O)         0.029     0.366 r  design_alu_i/processing_system7_0/inst/buffer_fclk_clk_0.FCLK_CLK_0_BUFG/O
                         net (fo=1197, routed)        0.844     1.210    design_alu_i/ps7_0_axi_periph/s00_couplers/auto_pc/inst/gen_axilite.gen_b2s_conv.axilite_b2s/WR.b_channel_0/bid_fifo_0/aclk
    SLICE_X26Y98         SRL16E                                       r  design_alu_i/ps7_0_axi_periph/s00_couplers/auto_pc/inst/gen_axilite.gen_b2s_conv.axilite_b2s/WR.b_channel_0/bid_fifo_0/memory_reg[3][13]_srl4/CLK
                         clock pessimism             -0.264     0.946    
    SLICE_X26Y98         SRL16E (Hold_srl16e_CLK_D)
                                                      0.115     1.061    design_alu_i/ps7_0_axi_periph/s00_couplers/auto_pc/inst/gen_axilite.gen_b2s_conv.axilite_b2s/WR.b_channel_0/bid_fifo_0/memory_reg[3][13]_srl4
  -------------------------------------------------------------------
                         required time                         -1.061    
                         arrival time                           1.169    
  -------------------------------------------------------------------
                         slack                                  0.108    

Slack (MET) :             0.109ns  (arrival time - required time)
  Source:                 design_alu_i/axi_gpio_RESULT/U0/gpio_core_1/Not_Dual.gpio_Data_In_reg[10]/C
                            (rising edge-triggered cell FDRE clocked by clk_fpga_0  {rise@0.000ns fall@10.000ns period=20.000ns})
  Destination:            design_alu_i/axi_gpio_RESULT/U0/gpio_core_1/Not_Dual.ALLIN1_ND.READ_REG_GEN[10].reg1_reg[26]/D
                            (rising edge-triggered cell FDRE clocked by clk_fpga_0  {rise@0.000ns fall@10.000ns period=20.000ns})
  Path Group:             clk_fpga_0
  Path Type:              Hold (Min at Fast Process Corner)
  Requirement:            0.000ns  (clk_fpga_0 rise@0.000ns - clk_fpga_0 rise@0.000ns)
  Data Path Delay:        0.242ns  (logic 0.186ns (76.827%)  route 0.056ns (23.174%))
  Logic Levels:           1  (LUT5=1)
  Clock Path Skew:        0.013ns (DCD - SCD - CPR)
    Destination Clock Delay (DCD):    1.186ns
    Source Clock Delay      (SCD):    0.889ns
    Clock Pessimism Removal (CPR):    0.284ns

    Location             Delay type                Incr(ns)  Path(ns)    Netlist Resource(s)
  -------------------------------------------------------------------    -------------------
                         (clock clk_fpga_0 rise edge)
                                                      0.000     0.000 r  
    PS7_X0Y0             PS7                          0.000     0.000 r  design_alu_i/processing_system7_0/inst/PS7_i/FCLKCLK[0]
                         net (fo=1, routed)           0.310     0.310    design_alu_i/processing_system7_0/inst/FCLK_CLK_unbuffered[0]
    BUFGCTRL_X0Y16       BUFG (Prop_bufg_I_O)         0.026     0.336 r  design_alu_i/processing_system7_0/inst/buffer_fclk_clk_0.FCLK_CLK_0_BUFG/O
                         net (fo=1197, routed)        0.553     0.889    design_alu_i/axi_gpio_RESULT/U0/gpio_core_1/s_axi_aclk
    SLICE_X37Y87         FDRE                                         r  design_alu_i/axi_gpio_RESULT/U0/gpio_core_1/Not_Dual.gpio_Data_In_reg[10]/C
  -------------------------------------------------------------------    -------------------
    SLICE_X37Y87         FDRE (Prop_fdre_C_Q)         0.141     1.030 r  design_alu_i/axi_gpio_RESULT/U0/gpio_core_1/Not_Dual.gpio_Data_In_reg[10]/Q
                         net (fo=1, routed)           0.056     1.086    design_alu_i/axi_gpio_RESULT/U0/gpio_core_1/gpio_Data_In[10]
    SLICE_X36Y87         LUT5 (Prop_lut5_I0_O)        0.045     1.131 r  design_alu_i/axi_gpio_RESULT/U0/gpio_core_1/Not_Dual.ALLIN1_ND.READ_REG_GEN[10].reg1[26]_i_1/O
                         net (fo=1, routed)           0.000     1.131    design_alu_i/axi_gpio_RESULT/U0/gpio_core_1/Read_Reg_In[10]
    SLICE_X36Y87         FDRE                                         r  design_alu_i/axi_gpio_RESULT/U0/gpio_core_1/Not_Dual.ALLIN1_ND.READ_REG_GEN[10].reg1_reg[26]/D
  -------------------------------------------------------------------    -------------------

                         (clock clk_fpga_0 rise edge)
                                                      0.000     0.000 r  
    PS7_X0Y0             PS7                          0.000     0.000 r  design_alu_i/processing_system7_0/inst/PS7_i/FCLKCLK[0]
                         net (fo=1, routed)           0.337     0.337    design_alu_i/processing_system7_0/inst/FCLK_CLK_unbuffered[0]
    BUFGCTRL_X0Y16       BUFG (Prop_bufg_I_O)         0.029     0.366 r  design_alu_i/processing_system7_0/inst/buffer_fclk_clk_0.FCLK_CLK_0_BUFG/O
                         net (fo=1197, routed)        0.820     1.186    design_alu_i/axi_gpio_RESULT/U0/gpio_core_1/s_axi_aclk
    SLICE_X36Y87         FDRE                                         r  design_alu_i/axi_gpio_RESULT/U0/gpio_core_1/Not_Dual.ALLIN1_ND.READ_REG_GEN[10].reg1_reg[26]/C
                         clock pessimism             -0.284     0.902    
    SLICE_X36Y87         FDRE (Hold_fdre_C_D)         0.120     1.022    design_alu_i/axi_gpio_RESULT/U0/gpio_core_1/Not_Dual.ALLIN1_ND.READ_REG_GEN[10].reg1_reg[26]
  -------------------------------------------------------------------
                         required time                         -1.022    
                         arrival time                           1.131    
  -------------------------------------------------------------------
                         slack                                  0.109    

Slack (MET) :             0.110ns  (arrival time - required time)
  Source:                 design_alu_i/ALU_0/inst/divider_inst/reg_R_reg[6]/C
                            (rising edge-triggered cell FDCE clocked by clk_fpga_0  {rise@0.000ns fall@10.000ns period=20.000ns})
  Destination:            design_alu_i/ALU_0/inst/divider_inst/reg_R_reg[7]/D
                            (rising edge-triggered cell FDCE clocked by clk_fpga_0  {rise@0.000ns fall@10.000ns period=20.000ns})
  Path Group:             clk_fpga_0
  Path Type:              Hold (Min at Fast Process Corner)
  Requirement:            0.000ns  (clk_fpga_0 rise@0.000ns - clk_fpga_0 rise@0.000ns)
  Data Path Delay:        0.485ns  (logic 0.212ns (43.755%)  route 0.273ns (56.245%))
  Logic Levels:           1  (LUT4=1)
  Clock Path Skew:        0.267ns (DCD - SCD - CPR)
    Destination Clock Delay (DCD):    1.184ns
    Source Clock Delay      (SCD):    0.882ns
    Clock Pessimism Removal (CPR):    0.035ns

    Location             Delay type                Incr(ns)  Path(ns)    Netlist Resource(s)
  -------------------------------------------------------------------    -------------------
                         (clock clk_fpga_0 rise edge)
                                                      0.000     0.000 r  
    PS7_X0Y0             PS7                          0.000     0.000 r  design_alu_i/processing_system7_0/inst/PS7_i/FCLKCLK[0]
                         net (fo=1, routed)           0.310     0.310    design_alu_i/processing_system7_0/inst/FCLK_CLK_unbuffered[0]
    BUFGCTRL_X0Y16       BUFG (Prop_bufg_I_O)         0.026     0.336 r  design_alu_i/processing_system7_0/inst/buffer_fclk_clk_0.FCLK_CLK_0_BUFG/O
                         net (fo=1197, routed)        0.546     0.882    design_alu_i/ALU_0/inst/divider_inst/clk
    SLICE_X50Y82         FDCE                                         r  design_alu_i/ALU_0/inst/divider_inst/reg_R_reg[6]/C
  -------------------------------------------------------------------    -------------------
    SLICE_X50Y82         FDCE (Prop_fdce_C_Q)         0.164     1.046 r  design_alu_i/ALU_0/inst/divider_inst/reg_R_reg[6]/Q
                         net (fo=4, routed)           0.273     1.318    design_alu_i/ALU_0/inst/divider_inst/reg_R_reg_n_0_[6]
    SLICE_X49Y84         LUT4 (Prop_lut4_I0_O)        0.048     1.366 r  design_alu_i/ALU_0/inst/divider_inst/reg_R[7]_i_2/O
                         net (fo=1, routed)           0.000     1.366    design_alu_i/ALU_0/inst/divider_inst/reg_R[7]_i_2_n_0
    SLICE_X49Y84         FDCE                                         r  design_alu_i/ALU_0/inst/divider_inst/reg_R_reg[7]/D
  -------------------------------------------------------------------    -------------------

                         (clock clk_fpga_0 rise edge)
                                                      0.000     0.000 r  
    PS7_X0Y0             PS7                          0.000     0.000 r  design_alu_i/processing_system7_0/inst/PS7_i/FCLKCLK[0]
                         net (fo=1, routed)           0.337     0.337    design_alu_i/processing_system7_0/inst/FCLK_CLK_unbuffered[0]
    BUFGCTRL_X0Y16       BUFG (Prop_bufg_I_O)         0.029     0.366 r  design_alu_i/processing_system7_0/inst/buffer_fclk_clk_0.FCLK_CLK_0_BUFG/O
                         net (fo=1197, routed)        0.818     1.184    design_alu_i/ALU_0/inst/divider_inst/clk
    SLICE_X49Y84         FDCE                                         r  design_alu_i/ALU_0/inst/divider_inst/reg_R_reg[7]/C
                         clock pessimism             -0.035     1.149    
    SLICE_X49Y84         FDCE (Hold_fdce_C_D)         0.107     1.256    design_alu_i/ALU_0/inst/divider_inst/reg_R_reg[7]
  -------------------------------------------------------------------
                         required time                         -1.256    
                         arrival time                           1.366    
  -------------------------------------------------------------------
                         slack                                  0.110    

Slack (MET) :             0.119ns  (arrival time - required time)
  Source:                 design_alu_i/ps7_0_axi_periph/s00_couplers/auto_pc/inst/gen_axilite.gen_b2s_conv.axilite_b2s/RD.ar_channel_0/s_arid_r_reg[8]/C
                            (rising edge-triggered cell FDRE clocked by clk_fpga_0  {rise@0.000ns fall@10.000ns period=20.000ns})
  Destination:            design_alu_i/ps7_0_axi_periph/s00_couplers/auto_pc/inst/gen_axilite.gen_b2s_conv.axilite_b2s/RD.r_channel_0/r_arid_r_reg[8]/D
                            (rising edge-triggered cell FDRE clocked by clk_fpga_0  {rise@0.000ns fall@10.000ns period=20.000ns})
  Path Group:             clk_fpga_0
  Path Type:              Hold (Min at Fast Process Corner)
  Requirement:            0.000ns  (clk_fpga_0 rise@0.000ns - clk_fpga_0 rise@0.000ns)
  Data Path Delay:        0.197ns  (logic 0.141ns (71.611%)  route 0.056ns (28.389%))
  Logic Levels:           0  
  Clock Path Skew:        0.000ns (DCD - SCD - CPR)
    Destination Clock Delay (DCD):    1.209ns
    Source Clock Delay      (SCD):    0.909ns
    Clock Pessimism Removal (CPR):    0.300ns

    Location             Delay type                Incr(ns)  Path(ns)    Netlist Resource(s)
  -------------------------------------------------------------------    -------------------
                         (clock clk_fpga_0 rise edge)
                                                      0.000     0.000 r  
    PS7_X0Y0             PS7                          0.000     0.000 r  design_alu_i/processing_system7_0/inst/PS7_i/FCLKCLK[0]
                         net (fo=1, routed)           0.310     0.310    design_alu_i/processing_system7_0/inst/FCLK_CLK_unbuffered[0]
    BUFGCTRL_X0Y16       BUFG (Prop_bufg_I_O)         0.026     0.336 r  design_alu_i/processing_system7_0/inst/buffer_fclk_clk_0.FCLK_CLK_0_BUFG/O
                         net (fo=1197, routed)        0.573     0.909    design_alu_i/ps7_0_axi_periph/s00_couplers/auto_pc/inst/gen_axilite.gen_b2s_conv.axilite_b2s/RD.ar_channel_0/aclk
    SLICE_X27Y94         FDRE                                         r  design_alu_i/ps7_0_axi_periph/s00_couplers/auto_pc/inst/gen_axilite.gen_b2s_conv.axilite_b2s/RD.ar_channel_0/s_arid_r_reg[8]/C
  -------------------------------------------------------------------    -------------------
    SLICE_X27Y94         FDRE (Prop_fdre_C_Q)         0.141     1.050 r  design_alu_i/ps7_0_axi_periph/s00_couplers/auto_pc/inst/gen_axilite.gen_b2s_conv.axilite_b2s/RD.ar_channel_0/s_arid_r_reg[8]/Q
                         net (fo=1, routed)           0.056     1.105    design_alu_i/ps7_0_axi_periph/s00_couplers/auto_pc/inst/gen_axilite.gen_b2s_conv.axilite_b2s/RD.r_channel_0/D[8]
    SLICE_X27Y94         FDRE                                         r  design_alu_i/ps7_0_axi_periph/s00_couplers/auto_pc/inst/gen_axilite.gen_b2s_conv.axilite_b2s/RD.r_channel_0/r_arid_r_reg[8]/D
  -------------------------------------------------------------------    -------------------

                         (clock clk_fpga_0 rise edge)
                                                      0.000     0.000 r  
    PS7_X0Y0             PS7                          0.000     0.000 r  design_alu_i/processing_system7_0/inst/PS7_i/FCLKCLK[0]
                         net (fo=1, routed)           0.337     0.337    design_alu_i/processing_system7_0/inst/FCLK_CLK_unbuffered[0]
    BUFGCTRL_X0Y16       BUFG (Prop_bufg_I_O)         0.029     0.366 r  design_alu_i/processing_system7_0/inst/buffer_fclk_clk_0.FCLK_CLK_0_BUFG/O
                         net (fo=1197, routed)        0.843     1.209    design_alu_i/ps7_0_axi_periph/s00_couplers/auto_pc/inst/gen_axilite.gen_b2s_conv.axilite_b2s/RD.r_channel_0/aclk
    SLICE_X27Y94         FDRE                                         r  design_alu_i/ps7_0_axi_periph/s00_couplers/auto_pc/inst/gen_axilite.gen_b2s_conv.axilite_b2s/RD.r_channel_0/r_arid_r_reg[8]/C
                         clock pessimism             -0.300     0.909    
    SLICE_X27Y94         FDRE (Hold_fdre_C_D)         0.078     0.987    design_alu_i/ps7_0_axi_periph/s00_couplers/auto_pc/inst/gen_axilite.gen_b2s_conv.axilite_b2s/RD.r_channel_0/r_arid_r_reg[8]
  -------------------------------------------------------------------
                         required time                         -0.987    
                         arrival time                           1.105    
  -------------------------------------------------------------------
                         slack                                  0.119    

Slack (MET) :             0.121ns  (arrival time - required time)
  Source:                 design_alu_i/ps7_0_axi_periph/s00_couplers/auto_pc/inst/gen_axilite.gen_b2s_conv.axilite_b2s/RD.ar_channel_0/s_arid_r_reg[5]/C
                            (rising edge-triggered cell FDRE clocked by clk_fpga_0  {rise@0.000ns fall@10.000ns period=20.000ns})
  Destination:            design_alu_i/ps7_0_axi_periph/s00_couplers/auto_pc/inst/gen_axilite.gen_b2s_conv.axilite_b2s/RD.r_channel_0/r_arid_r_reg[5]/D
                            (rising edge-triggered cell FDRE clocked by clk_fpga_0  {rise@0.000ns fall@10.000ns period=20.000ns})
  Path Group:             clk_fpga_0
  Path Type:              Hold (Min at Fast Process Corner)
  Requirement:            0.000ns  (clk_fpga_0 rise@0.000ns - clk_fpga_0 rise@0.000ns)
  Data Path Delay:        0.197ns  (logic 0.141ns (71.611%)  route 0.056ns (28.389%))
  Logic Levels:           0  
  Clock Path Skew:        0.000ns (DCD - SCD - CPR)
    Destination Clock Delay (DCD):    1.209ns
    Source Clock Delay      (SCD):    0.909ns
    Clock Pessimism Removal (CPR):    0.300ns

    Location             Delay type                Incr(ns)  Path(ns)    Netlist Resource(s)
  -------------------------------------------------------------------    -------------------
                         (clock clk_fpga_0 rise edge)
                                                      0.000     0.000 r  
    PS7_X0Y0             PS7                          0.000     0.000 r  design_alu_i/processing_system7_0/inst/PS7_i/FCLKCLK[0]
                         net (fo=1, routed)           0.310     0.310    design_alu_i/processing_system7_0/inst/FCLK_CLK_unbuffered[0]
    BUFGCTRL_X0Y16       BUFG (Prop_bufg_I_O)         0.026     0.336 r  design_alu_i/processing_system7_0/inst/buffer_fclk_clk_0.FCLK_CLK_0_BUFG/O
                         net (fo=1197, routed)        0.573     0.909    design_alu_i/ps7_0_axi_periph/s00_couplers/auto_pc/inst/gen_axilite.gen_b2s_conv.axilite_b2s/RD.ar_channel_0/aclk
    SLICE_X27Y94         FDRE                                         r  design_alu_i/ps7_0_axi_periph/s00_couplers/auto_pc/inst/gen_axilite.gen_b2s_conv.axilite_b2s/RD.ar_channel_0/s_arid_r_reg[5]/C
  -------------------------------------------------------------------    -------------------
    SLICE_X27Y94         FDRE (Prop_fdre_C_Q)         0.141     1.050 r  design_alu_i/ps7_0_axi_periph/s00_couplers/auto_pc/inst/gen_axilite.gen_b2s_conv.axilite_b2s/RD.ar_channel_0/s_arid_r_reg[5]/Q
                         net (fo=1, routed)           0.056     1.105    design_alu_i/ps7_0_axi_periph/s00_couplers/auto_pc/inst/gen_axilite.gen_b2s_conv.axilite_b2s/RD.r_channel_0/D[5]
    SLICE_X27Y94         FDRE                                         r  design_alu_i/ps7_0_axi_periph/s00_couplers/auto_pc/inst/gen_axilite.gen_b2s_conv.axilite_b2s/RD.r_channel_0/r_arid_r_reg[5]/D
  -------------------------------------------------------------------    -------------------

                         (clock clk_fpga_0 rise edge)
                                                      0.000     0.000 r  
    PS7_X0Y0             PS7                          0.000     0.000 r  design_alu_i/processing_system7_0/inst/PS7_i/FCLKCLK[0]
                         net (fo=1, routed)           0.337     0.337    design_alu_i/processing_system7_0/inst/FCLK_CLK_unbuffered[0]
    BUFGCTRL_X0Y16       BUFG (Prop_bufg_I_O)         0.029     0.366 r  design_alu_i/processing_system7_0/inst/buffer_fclk_clk_0.FCLK_CLK_0_BUFG/O
                         net (fo=1197, routed)        0.843     1.209    design_alu_i/ps7_0_axi_periph/s00_couplers/auto_pc/inst/gen_axilite.gen_b2s_conv.axilite_b2s/RD.r_channel_0/aclk
    SLICE_X27Y94         FDRE                                         r  design_alu_i/ps7_0_axi_periph/s00_couplers/auto_pc/inst/gen_axilite.gen_b2s_conv.axilite_b2s/RD.r_channel_0/r_arid_r_reg[5]/C
                         clock pessimism             -0.300     0.909    
    SLICE_X27Y94         FDRE (Hold_fdre_C_D)         0.076     0.985    design_alu_i/ps7_0_axi_periph/s00_couplers/auto_pc/inst/gen_axilite.gen_b2s_conv.axilite_b2s/RD.r_channel_0/r_arid_r_reg[5]
  -------------------------------------------------------------------
                         required time                         -0.985    
                         arrival time                           1.105    
  -------------------------------------------------------------------
                         slack                                  0.121    





Pulse Width Checks
--------------------------------------------------------------------------------------
Clock Name:         clk_fpga_0
Waveform(ns):       { 0.000 10.000 }
Period(ns):         20.000
Sources:            { design_alu_i/processing_system7_0/inst/PS7_i/FCLKCLK[0] }

Check Type        Corner  Lib Pin      Reference Pin  Required(ns)  Actual(ns)  Slack(ns)  Location        Pin
Min Period        n/a     BUFG/I       n/a            2.155         20.000      17.845     BUFGCTRL_X0Y16  design_alu_i/processing_system7_0/inst/buffer_fclk_clk_0.FCLK_CLK_0_BUFG/I
Min Period        n/a     FDRE/C       n/a            1.000         20.000      19.000     SLICE_X47Y81    design_alu_i/ALU_0/inst/opcode_prev_reg[0]/C
Min Period        n/a     FDRE/C       n/a            1.000         20.000      19.000     SLICE_X47Y81    design_alu_i/ALU_0/inst/opcode_prev_reg[1]/C
Min Period        n/a     FDCE/C       n/a            1.000         20.000      19.000     SLICE_X40Y82    design_alu_i/ALU_0/inst/result_reg_reg[0]/C
Min Period        n/a     FDCE/C       n/a            1.000         20.000      19.000     SLICE_X40Y92    design_alu_i/ALU_0/inst/result_reg_reg[10]/C
Min Period        n/a     FDCE/C       n/a            1.000         20.000      19.000     SLICE_X40Y90    design_alu_i/ALU_0/inst/result_reg_reg[11]/C
Min Period        n/a     FDCE/C       n/a            1.000         20.000      19.000     SLICE_X40Y91    design_alu_i/ALU_0/inst/result_reg_reg[12]/C
Min Period        n/a     FDCE/C       n/a            1.000         20.000      19.000     SLICE_X38Y90    design_alu_i/ALU_0/inst/result_reg_reg[13]/C
Min Period        n/a     FDCE/C       n/a            1.000         20.000      19.000     SLICE_X41Y92    design_alu_i/ALU_0/inst/result_reg_reg[14]/C
Min Period        n/a     FDCE/C       n/a            1.000         20.000      19.000     SLICE_X41Y92    design_alu_i/ALU_0/inst/result_reg_reg[15]/C
Low Pulse Width   Slow    SRLC32E/CLK  n/a            0.980         10.000      9.020      SLICE_X34Y87    design_alu_i/ps7_0_axi_periph/s00_couplers/auto_pc/inst/gen_axilite.gen_b2s_conv.axilite_b2s/RD.r_channel_0/rd_data_fifo_0/memory_reg[31][0]_srl32/CLK
Low Pulse Width   Fast    SRLC32E/CLK  n/a            0.980         10.000      9.020      SLICE_X34Y87    design_alu_i/ps7_0_axi_periph/s00_couplers/auto_pc/inst/gen_axilite.gen_b2s_conv.axilite_b2s/RD.r_channel_0/rd_data_fifo_0/memory_reg[31][0]_srl32/CLK
Low Pulse Width   Slow    SRLC32E/CLK  n/a            0.980         10.000      9.020      SLICE_X32Y88    design_alu_i/ps7_0_axi_periph/s00_couplers/auto_pc/inst/gen_axilite.gen_b2s_conv.axilite_b2s/RD.r_channel_0/rd_data_fifo_0/memory_reg[31][10]_srl32/CLK
Low Pulse Width   Fast    SRLC32E/CLK  n/a            0.980         10.000      9.020      SLICE_X32Y88    design_alu_i/ps7_0_axi_periph/s00_couplers/auto_pc/inst/gen_axilite.gen_b2s_conv.axilite_b2s/RD.r_channel_0/rd_data_fifo_0/memory_reg[31][10]_srl32/CLK
Low Pulse Width   Slow    SRLC32E/CLK  n/a            0.980         10.000      9.020      SLICE_X34Y89    design_alu_i/ps7_0_axi_periph/s00_couplers/auto_pc/inst/gen_axilite.gen_b2s_conv.axilite_b2s/RD.r_channel_0/rd_data_fifo_0/memory_reg[31][11]_srl32/CLK
Low Pulse Width   Fast    SRLC32E/CLK  n/a            0.980         10.000      9.020      SLICE_X34Y89    design_alu_i/ps7_0_axi_periph/s00_couplers/auto_pc/inst/gen_axilite.gen_b2s_conv.axilite_b2s/RD.r_channel_0/rd_data_fifo_0/memory_reg[31][11]_srl32/CLK
Low Pulse Width   Slow    SRLC32E/CLK  n/a            0.980         10.000      9.020      SLICE_X34Y89    design_alu_i/ps7_0_axi_periph/s00_couplers/auto_pc/inst/gen_axilite.gen_b2s_conv.axilite_b2s/RD.r_channel_0/rd_data_fifo_0/memory_reg[31][12]_srl32/CLK
Low Pulse Width   Fast    SRLC32E/CLK  n/a            0.980         10.000      9.020      SLICE_X34Y89    design_alu_i/ps7_0_axi_periph/s00_couplers/auto_pc/inst/gen_axilite.gen_b2s_conv.axilite_b2s/RD.r_channel_0/rd_data_fifo_0/memory_reg[31][12]_srl32/CLK
Low Pulse Width   Slow    SRLC32E/CLK  n/a            0.980         10.000      9.020      SLICE_X34Y90    design_alu_i/ps7_0_axi_periph/s00_couplers/auto_pc/inst/gen_axilite.gen_b2s_conv.axilite_b2s/RD.r_channel_0/rd_data_fifo_0/memory_reg[31][13]_srl32/CLK
Low Pulse Width   Fast    SRLC32E/CLK  n/a            0.980         10.000      9.020      SLICE_X34Y90    design_alu_i/ps7_0_axi_periph/s00_couplers/auto_pc/inst/gen_axilite.gen_b2s_conv.axilite_b2s/RD.r_channel_0/rd_data_fifo_0/memory_reg[31][13]_srl32/CLK
High Pulse Width  Slow    SRLC32E/CLK  n/a            0.980         10.000      9.020      SLICE_X34Y87    design_alu_i/ps7_0_axi_periph/s00_couplers/auto_pc/inst/gen_axilite.gen_b2s_conv.axilite_b2s/RD.r_channel_0/rd_data_fifo_0/memory_reg[31][0]_srl32/CLK
High Pulse Width  Fast    SRLC32E/CLK  n/a            0.980         10.000      9.020      SLICE_X34Y87    design_alu_i/ps7_0_axi_periph/s00_couplers/auto_pc/inst/gen_axilite.gen_b2s_conv.axilite_b2s/RD.r_channel_0/rd_data_fifo_0/memory_reg[31][0]_srl32/CLK
High Pulse Width  Slow    SRLC32E/CLK  n/a            0.980         10.000      9.020      SLICE_X32Y88    design_alu_i/ps7_0_axi_periph/s00_couplers/auto_pc/inst/gen_axilite.gen_b2s_conv.axilite_b2s/RD.r_channel_0/rd_data_fifo_0/memory_reg[31][10]_srl32/CLK
High Pulse Width  Fast    SRLC32E/CLK  n/a            0.980         10.000      9.020      SLICE_X32Y88    design_alu_i/ps7_0_axi_periph/s00_couplers/auto_pc/inst/gen_axilite.gen_b2s_conv.axilite_b2s/RD.r_channel_0/rd_data_fifo_0/memory_reg[31][10]_srl32/CLK
High Pulse Width  Slow    SRLC32E/CLK  n/a            0.980         10.000      9.020      SLICE_X34Y89    design_alu_i/ps7_0_axi_periph/s00_couplers/auto_pc/inst/gen_axilite.gen_b2s_conv.axilite_b2s/RD.r_channel_0/rd_data_fifo_0/memory_reg[31][11]_srl32/CLK
High Pulse Width  Fast    SRLC32E/CLK  n/a            0.980         10.000      9.020      SLICE_X34Y89    design_alu_i/ps7_0_axi_periph/s00_couplers/auto_pc/inst/gen_axilite.gen_b2s_conv.axilite_b2s/RD.r_channel_0/rd_data_fifo_0/memory_reg[31][11]_srl32/CLK
High Pulse Width  Slow    SRLC32E/CLK  n/a            0.980         10.000      9.020      SLICE_X34Y89    design_alu_i/ps7_0_axi_periph/s00_couplers/auto_pc/inst/gen_axilite.gen_b2s_conv.axilite_b2s/RD.r_channel_0/rd_data_fifo_0/memory_reg[31][12]_srl32/CLK
High Pulse Width  Fast    SRLC32E/CLK  n/a            0.980         10.000      9.020      SLICE_X34Y89    design_alu_i/ps7_0_axi_periph/s00_couplers/auto_pc/inst/gen_axilite.gen_b2s_conv.axilite_b2s/RD.r_channel_0/rd_data_fifo_0/memory_reg[31][12]_srl32/CLK
High Pulse Width  Slow    SRLC32E/CLK  n/a            0.980         10.000      9.020      SLICE_X34Y90    design_alu_i/ps7_0_axi_periph/s00_couplers/auto_pc/inst/gen_axilite.gen_b2s_conv.axilite_b2s/RD.r_channel_0/rd_data_fifo_0/memory_reg[31][13]_srl32/CLK
High Pulse Width  Fast    SRLC32E/CLK  n/a            0.980         10.000      9.020      SLICE_X34Y90    design_alu_i/ps7_0_axi_periph/s00_couplers/auto_pc/inst/gen_axilite.gen_b2s_conv.axilite_b2s/RD.r_channel_0/rd_data_fifo_0/memory_reg[31][13]_srl32/CLK



---------------------------------------------------------------------------------------------------
Path Group:  **async_default**
From Clock:  clk_fpga_0
  To Clock:  clk_fpga_0

Setup :            0  Failing Endpoints,  Worst Slack       16.103ns,  Total Violation        0.000ns
Hold  :            0  Failing Endpoints,  Worst Slack        0.405ns,  Total Violation        0.000ns
---------------------------------------------------------------------------------------------------


Max Delay Paths
--------------------------------------------------------------------------------------
Slack (MET) :             16.103ns  (required time - arrival time)
  Source:                 design_alu_i/rst_ps7_0_50M/U0/PR_OUT_DFF[0].FDRE_PER/C
                            (rising edge-triggered cell FDRE clocked by clk_fpga_0  {rise@0.000ns fall@10.000ns period=20.000ns})
  Destination:            design_alu_i/ALU_0/inst/divider_inst/counter_reg[2]/CLR
                            (recovery check against rising-edge clock clk_fpga_0  {rise@0.000ns fall@10.000ns period=20.000ns})
  Path Group:             **async_default**
  Path Type:              Recovery (Max at Slow Process Corner)
  Requirement:            20.000ns  (clk_fpga_0 rise@20.000ns - clk_fpga_0 rise@0.000ns)
  Data Path Delay:        2.885ns  (logic 0.419ns (14.521%)  route 2.466ns (85.479%))
  Logic Levels:           0  
  Clock Path Skew:        -0.176ns (DCD - SCD + CPR)
    Destination Clock Delay (DCD):    2.639ns = ( 22.639 - 20.000 ) 
    Source Clock Delay      (SCD):    2.944ns
    Clock Pessimism Removal (CPR):    0.129ns
  Clock Uncertainty:      0.302ns  ((TSJ^2 + TIJ^2)^1/2 + DJ) / 2 + PE
    Total System Jitter     (TSJ):    0.071ns
    Total Input Jitter      (TIJ):    0.600ns
    Discrete Jitter          (DJ):    0.000ns
    Phase Error              (PE):    0.000ns

    Location             Delay type                Incr(ns)  Path(ns)    Netlist Resource(s)
  -------------------------------------------------------------------    -------------------
                         (clock clk_fpga_0 rise edge)
                                                      0.000     0.000 r  
    PS7_X0Y0             PS7                          0.000     0.000 r  design_alu_i/processing_system7_0/inst/PS7_i/FCLKCLK[0]
                         net (fo=1, routed)           1.193     1.193    design_alu_i/processing_system7_0/inst/FCLK_CLK_unbuffered[0]
    BUFGCTRL_X0Y16       BUFG (Prop_bufg_I_O)         0.101     1.294 r  design_alu_i/processing_system7_0/inst/buffer_fclk_clk_0.FCLK_CLK_0_BUFG/O
                         net (fo=1197, routed)        1.650     2.944    design_alu_i/rst_ps7_0_50M/U0/slowest_sync_clk
    SLICE_X39Y90         FDRE                                         r  design_alu_i/rst_ps7_0_50M/U0/PR_OUT_DFF[0].FDRE_PER/C
  -------------------------------------------------------------------    -------------------
    SLICE_X39Y90         FDRE (Prop_fdre_C_Q)         0.419     3.363 f  design_alu_i/rst_ps7_0_50M/U0/PR_OUT_DFF[0].FDRE_PER/Q
                         net (fo=47, routed)          2.466     5.829    design_alu_i/ALU_0/inst/divider_inst/reset
    SLICE_X50Y84         FDCE                                         f  design_alu_i/ALU_0/inst/divider_inst/counter_reg[2]/CLR
  -------------------------------------------------------------------    -------------------

                         (clock clk_fpga_0 rise edge)
                                                     20.000    20.000 r  
    PS7_X0Y0             PS7                          0.000    20.000 r  design_alu_i/processing_system7_0/inst/PS7_i/FCLKCLK[0]
                         net (fo=1, routed)           1.088    21.088    design_alu_i/processing_system7_0/inst/FCLK_CLK_unbuffered[0]
    BUFGCTRL_X0Y16       BUFG (Prop_bufg_I_O)         0.091    21.179 r  design_alu_i/processing_system7_0/inst/buffer_fclk_clk_0.FCLK_CLK_0_BUFG/O
                         net (fo=1197, routed)        1.460    22.639    design_alu_i/ALU_0/inst/divider_inst/clk
    SLICE_X50Y84         FDCE                                         r  design_alu_i/ALU_0/inst/divider_inst/counter_reg[2]/C
                         clock pessimism              0.129    22.768    
                         clock uncertainty           -0.302    22.466    
    SLICE_X50Y84         FDCE (Recov_fdce_C_CLR)     -0.533    21.933    design_alu_i/ALU_0/inst/divider_inst/counter_reg[2]
  -------------------------------------------------------------------
                         required time                         21.933    
                         arrival time                          -5.829    
  -------------------------------------------------------------------
                         slack                                 16.103    

Slack (MET) :             16.103ns  (required time - arrival time)
  Source:                 design_alu_i/rst_ps7_0_50M/U0/PR_OUT_DFF[0].FDRE_PER/C
                            (rising edge-triggered cell FDRE clocked by clk_fpga_0  {rise@0.000ns fall@10.000ns period=20.000ns})
  Destination:            design_alu_i/ALU_0/inst/divider_inst/counter_reg[3]/CLR
                            (recovery check against rising-edge clock clk_fpga_0  {rise@0.000ns fall@10.000ns period=20.000ns})
  Path Group:             **async_default**
  Path Type:              Recovery (Max at Slow Process Corner)
  Requirement:            20.000ns  (clk_fpga_0 rise@20.000ns - clk_fpga_0 rise@0.000ns)
  Data Path Delay:        2.885ns  (logic 0.419ns (14.521%)  route 2.466ns (85.479%))
  Logic Levels:           0  
  Clock Path Skew:        -0.176ns (DCD - SCD + CPR)
    Destination Clock Delay (DCD):    2.639ns = ( 22.639 - 20.000 ) 
    Source Clock Delay      (SCD):    2.944ns
    Clock Pessimism Removal (CPR):    0.129ns
  Clock Uncertainty:      0.302ns  ((TSJ^2 + TIJ^2)^1/2 + DJ) / 2 + PE
    Total System Jitter     (TSJ):    0.071ns
    Total Input Jitter      (TIJ):    0.600ns
    Discrete Jitter          (DJ):    0.000ns
    Phase Error              (PE):    0.000ns

    Location             Delay type                Incr(ns)  Path(ns)    Netlist Resource(s)
  -------------------------------------------------------------------    -------------------
                         (clock clk_fpga_0 rise edge)
                                                      0.000     0.000 r  
    PS7_X0Y0             PS7                          0.000     0.000 r  design_alu_i/processing_system7_0/inst/PS7_i/FCLKCLK[0]
                         net (fo=1, routed)           1.193     1.193    design_alu_i/processing_system7_0/inst/FCLK_CLK_unbuffered[0]
    BUFGCTRL_X0Y16       BUFG (Prop_bufg_I_O)         0.101     1.294 r  design_alu_i/processing_system7_0/inst/buffer_fclk_clk_0.FCLK_CLK_0_BUFG/O
                         net (fo=1197, routed)        1.650     2.944    design_alu_i/rst_ps7_0_50M/U0/slowest_sync_clk
    SLICE_X39Y90         FDRE                                         r  design_alu_i/rst_ps7_0_50M/U0/PR_OUT_DFF[0].FDRE_PER/C
  -------------------------------------------------------------------    -------------------
    SLICE_X39Y90         FDRE (Prop_fdre_C_Q)         0.419     3.363 f  design_alu_i/rst_ps7_0_50M/U0/PR_OUT_DFF[0].FDRE_PER/Q
                         net (fo=47, routed)          2.466     5.829    design_alu_i/ALU_0/inst/divider_inst/reset
    SLICE_X50Y84         FDCE                                         f  design_alu_i/ALU_0/inst/divider_inst/counter_reg[3]/CLR
  -------------------------------------------------------------------    -------------------

                         (clock clk_fpga_0 rise edge)
                                                     20.000    20.000 r  
    PS7_X0Y0             PS7                          0.000    20.000 r  design_alu_i/processing_system7_0/inst/PS7_i/FCLKCLK[0]
                         net (fo=1, routed)           1.088    21.088    design_alu_i/processing_system7_0/inst/FCLK_CLK_unbuffered[0]
    BUFGCTRL_X0Y16       BUFG (Prop_bufg_I_O)         0.091    21.179 r  design_alu_i/processing_system7_0/inst/buffer_fclk_clk_0.FCLK_CLK_0_BUFG/O
                         net (fo=1197, routed)        1.460    22.639    design_alu_i/ALU_0/inst/divider_inst/clk
    SLICE_X50Y84         FDCE                                         r  design_alu_i/ALU_0/inst/divider_inst/counter_reg[3]/C
                         clock pessimism              0.129    22.768    
                         clock uncertainty           -0.302    22.466    
    SLICE_X50Y84         FDCE (Recov_fdce_C_CLR)     -0.533    21.933    design_alu_i/ALU_0/inst/divider_inst/counter_reg[3]
  -------------------------------------------------------------------
                         required time                         21.933    
                         arrival time                          -5.829    
  -------------------------------------------------------------------
                         slack                                 16.103    

Slack (MET) :             16.145ns  (required time - arrival time)
  Source:                 design_alu_i/rst_ps7_0_50M/U0/PR_OUT_DFF[0].FDRE_PER/C
                            (rising edge-triggered cell FDRE clocked by clk_fpga_0  {rise@0.000ns fall@10.000ns period=20.000ns})
  Destination:            design_alu_i/ALU_0/inst/divider_inst/counter_reg[0]/CLR
                            (recovery check against rising-edge clock clk_fpga_0  {rise@0.000ns fall@10.000ns period=20.000ns})
  Path Group:             **async_default**
  Path Type:              Recovery (Max at Slow Process Corner)
  Requirement:            20.000ns  (clk_fpga_0 rise@20.000ns - clk_fpga_0 rise@0.000ns)
  Data Path Delay:        2.885ns  (logic 0.419ns (14.521%)  route 2.466ns (85.479%))
  Logic Levels:           0  
  Clock Path Skew:        -0.176ns (DCD - SCD + CPR)
    Destination Clock Delay (DCD):    2.639ns = ( 22.639 - 20.000 ) 
    Source Clock Delay      (SCD):    2.944ns
    Clock Pessimism Removal (CPR):    0.129ns
  Clock Uncertainty:      0.302ns  ((TSJ^2 + TIJ^2)^1/2 + DJ) / 2 + PE
    Total System Jitter     (TSJ):    0.071ns
    Total Input Jitter      (TIJ):    0.600ns
    Discrete Jitter          (DJ):    0.000ns
    Phase Error              (PE):    0.000ns

    Location             Delay type                Incr(ns)  Path(ns)    Netlist Resource(s)
  -------------------------------------------------------------------    -------------------
                         (clock clk_fpga_0 rise edge)
                                                      0.000     0.000 r  
    PS7_X0Y0             PS7                          0.000     0.000 r  design_alu_i/processing_system7_0/inst/PS7_i/FCLKCLK[0]
                         net (fo=1, routed)           1.193     1.193    design_alu_i/processing_system7_0/inst/FCLK_CLK_unbuffered[0]
    BUFGCTRL_X0Y16       BUFG (Prop_bufg_I_O)         0.101     1.294 r  design_alu_i/processing_system7_0/inst/buffer_fclk_clk_0.FCLK_CLK_0_BUFG/O
                         net (fo=1197, routed)        1.650     2.944    design_alu_i/rst_ps7_0_50M/U0/slowest_sync_clk
    SLICE_X39Y90         FDRE                                         r  design_alu_i/rst_ps7_0_50M/U0/PR_OUT_DFF[0].FDRE_PER/C
  -------------------------------------------------------------------    -------------------
    SLICE_X39Y90         FDRE (Prop_fdre_C_Q)         0.419     3.363 f  design_alu_i/rst_ps7_0_50M/U0/PR_OUT_DFF[0].FDRE_PER/Q
                         net (fo=47, routed)          2.466     5.829    design_alu_i/ALU_0/inst/divider_inst/reset
    SLICE_X50Y84         FDCE                                         f  design_alu_i/ALU_0/inst/divider_inst/counter_reg[0]/CLR
  -------------------------------------------------------------------    -------------------

                         (clock clk_fpga_0 rise edge)
                                                     20.000    20.000 r  
    PS7_X0Y0             PS7                          0.000    20.000 r  design_alu_i/processing_system7_0/inst/PS7_i/FCLKCLK[0]
                         net (fo=1, routed)           1.088    21.088    design_alu_i/processing_system7_0/inst/FCLK_CLK_unbuffered[0]
    BUFGCTRL_X0Y16       BUFG (Prop_bufg_I_O)         0.091    21.179 r  design_alu_i/processing_system7_0/inst/buffer_fclk_clk_0.FCLK_CLK_0_BUFG/O
                         net (fo=1197, routed)        1.460    22.639    design_alu_i/ALU_0/inst/divider_inst/clk
    SLICE_X50Y84         FDCE                                         r  design_alu_i/ALU_0/inst/divider_inst/counter_reg[0]/C
                         clock pessimism              0.129    22.768    
                         clock uncertainty           -0.302    22.466    
    SLICE_X50Y84         FDCE (Recov_fdce_C_CLR)     -0.491    21.975    design_alu_i/ALU_0/inst/divider_inst/counter_reg[0]
  -------------------------------------------------------------------
                         required time                         21.975    
                         arrival time                          -5.829    
  -------------------------------------------------------------------
                         slack                                 16.145    

Slack (MET) :             16.145ns  (required time - arrival time)
  Source:                 design_alu_i/rst_ps7_0_50M/U0/PR_OUT_DFF[0].FDRE_PER/C
                            (rising edge-triggered cell FDRE clocked by clk_fpga_0  {rise@0.000ns fall@10.000ns period=20.000ns})
  Destination:            design_alu_i/ALU_0/inst/divider_inst/counter_reg[1]/CLR
                            (recovery check against rising-edge clock clk_fpga_0  {rise@0.000ns fall@10.000ns period=20.000ns})
  Path Group:             **async_default**
  Path Type:              Recovery (Max at Slow Process Corner)
  Requirement:            20.000ns  (clk_fpga_0 rise@20.000ns - clk_fpga_0 rise@0.000ns)
  Data Path Delay:        2.885ns  (logic 0.419ns (14.521%)  route 2.466ns (85.479%))
  Logic Levels:           0  
  Clock Path Skew:        -0.176ns (DCD - SCD + CPR)
    Destination Clock Delay (DCD):    2.639ns = ( 22.639 - 20.000 ) 
    Source Clock Delay      (SCD):    2.944ns
    Clock Pessimism Removal (CPR):    0.129ns
  Clock Uncertainty:      0.302ns  ((TSJ^2 + TIJ^2)^1/2 + DJ) / 2 + PE
    Total System Jitter     (TSJ):    0.071ns
    Total Input Jitter      (TIJ):    0.600ns
    Discrete Jitter          (DJ):    0.000ns
    Phase Error              (PE):    0.000ns

    Location             Delay type                Incr(ns)  Path(ns)    Netlist Resource(s)
  -------------------------------------------------------------------    -------------------
                         (clock clk_fpga_0 rise edge)
                                                      0.000     0.000 r  
    PS7_X0Y0             PS7                          0.000     0.000 r  design_alu_i/processing_system7_0/inst/PS7_i/FCLKCLK[0]
                         net (fo=1, routed)           1.193     1.193    design_alu_i/processing_system7_0/inst/FCLK_CLK_unbuffered[0]
    BUFGCTRL_X0Y16       BUFG (Prop_bufg_I_O)         0.101     1.294 r  design_alu_i/processing_system7_0/inst/buffer_fclk_clk_0.FCLK_CLK_0_BUFG/O
                         net (fo=1197, routed)        1.650     2.944    design_alu_i/rst_ps7_0_50M/U0/slowest_sync_clk
    SLICE_X39Y90         FDRE                                         r  design_alu_i/rst_ps7_0_50M/U0/PR_OUT_DFF[0].FDRE_PER/C
  -------------------------------------------------------------------    -------------------
    SLICE_X39Y90         FDRE (Prop_fdre_C_Q)         0.419     3.363 f  design_alu_i/rst_ps7_0_50M/U0/PR_OUT_DFF[0].FDRE_PER/Q
                         net (fo=47, routed)          2.466     5.829    design_alu_i/ALU_0/inst/divider_inst/reset
    SLICE_X50Y84         FDCE                                         f  design_alu_i/ALU_0/inst/divider_inst/counter_reg[1]/CLR
  -------------------------------------------------------------------    -------------------

                         (clock clk_fpga_0 rise edge)
                                                     20.000    20.000 r  
    PS7_X0Y0             PS7                          0.000    20.000 r  design_alu_i/processing_system7_0/inst/PS7_i/FCLKCLK[0]
                         net (fo=1, routed)           1.088    21.088    design_alu_i/processing_system7_0/inst/FCLK_CLK_unbuffered[0]
    BUFGCTRL_X0Y16       BUFG (Prop_bufg_I_O)         0.091    21.179 r  design_alu_i/processing_system7_0/inst/buffer_fclk_clk_0.FCLK_CLK_0_BUFG/O
                         net (fo=1197, routed)        1.460    22.639    design_alu_i/ALU_0/inst/divider_inst/clk
    SLICE_X50Y84         FDCE                                         r  design_alu_i/ALU_0/inst/divider_inst/counter_reg[1]/C
                         clock pessimism              0.129    22.768    
                         clock uncertainty           -0.302    22.466    
    SLICE_X50Y84         FDCE (Recov_fdce_C_CLR)     -0.491    21.975    design_alu_i/ALU_0/inst/divider_inst/counter_reg[1]
  -------------------------------------------------------------------
                         required time                         21.975    
                         arrival time                          -5.829    
  -------------------------------------------------------------------
                         slack                                 16.145    

Slack (MET) :             16.197ns  (required time - arrival time)
  Source:                 design_alu_i/rst_ps7_0_50M/U0/PR_OUT_DFF[0].FDRE_PER/C
                            (rising edge-triggered cell FDRE clocked by clk_fpga_0  {rise@0.000ns fall@10.000ns period=20.000ns})
  Destination:            design_alu_i/ALU_0/inst/divider_inst/reg_R_reg[4]/CLR
                            (recovery check against rising-edge clock clk_fpga_0  {rise@0.000ns fall@10.000ns period=20.000ns})
  Path Group:             **async_default**
  Path Type:              Recovery (Max at Slow Process Corner)
  Requirement:            20.000ns  (clk_fpga_0 rise@20.000ns - clk_fpga_0 rise@0.000ns)
  Data Path Delay:        2.747ns  (logic 0.419ns (15.253%)  route 2.328ns (84.747%))
  Logic Levels:           0  
  Clock Path Skew:        -0.177ns (DCD - SCD + CPR)
    Destination Clock Delay (DCD):    2.638ns = ( 22.638 - 20.000 ) 
    Source Clock Delay      (SCD):    2.944ns
    Clock Pessimism Removal (CPR):    0.129ns
  Clock Uncertainty:      0.302ns  ((TSJ^2 + TIJ^2)^1/2 + DJ) / 2 + PE
    Total System Jitter     (TSJ):    0.071ns
    Total Input Jitter      (TIJ):    0.600ns
    Discrete Jitter          (DJ):    0.000ns
    Phase Error              (PE):    0.000ns

    Location             Delay type                Incr(ns)  Path(ns)    Netlist Resource(s)
  -------------------------------------------------------------------    -------------------
                         (clock clk_fpga_0 rise edge)
                                                      0.000     0.000 r  
    PS7_X0Y0             PS7                          0.000     0.000 r  design_alu_i/processing_system7_0/inst/PS7_i/FCLKCLK[0]
                         net (fo=1, routed)           1.193     1.193    design_alu_i/processing_system7_0/inst/FCLK_CLK_unbuffered[0]
    BUFGCTRL_X0Y16       BUFG (Prop_bufg_I_O)         0.101     1.294 r  design_alu_i/processing_system7_0/inst/buffer_fclk_clk_0.FCLK_CLK_0_BUFG/O
                         net (fo=1197, routed)        1.650     2.944    design_alu_i/rst_ps7_0_50M/U0/slowest_sync_clk
    SLICE_X39Y90         FDRE                                         r  design_alu_i/rst_ps7_0_50M/U0/PR_OUT_DFF[0].FDRE_PER/C
  -------------------------------------------------------------------    -------------------
    SLICE_X39Y90         FDRE (Prop_fdre_C_Q)         0.419     3.363 f  design_alu_i/rst_ps7_0_50M/U0/PR_OUT_DFF[0].FDRE_PER/Q
                         net (fo=47, routed)          2.328     5.691    design_alu_i/ALU_0/inst/divider_inst/reset
    SLICE_X51Y83         FDCE                                         f  design_alu_i/ALU_0/inst/divider_inst/reg_R_reg[4]/CLR
  -------------------------------------------------------------------    -------------------

                         (clock clk_fpga_0 rise edge)
                                                     20.000    20.000 r  
    PS7_X0Y0             PS7                          0.000    20.000 r  design_alu_i/processing_system7_0/inst/PS7_i/FCLKCLK[0]
                         net (fo=1, routed)           1.088    21.088    design_alu_i/processing_system7_0/inst/FCLK_CLK_unbuffered[0]
    BUFGCTRL_X0Y16       BUFG (Prop_bufg_I_O)         0.091    21.179 r  design_alu_i/processing_system7_0/inst/buffer_fclk_clk_0.FCLK_CLK_0_BUFG/O
                         net (fo=1197, routed)        1.459    22.638    design_alu_i/ALU_0/inst/divider_inst/clk
    SLICE_X51Y83         FDCE                                         r  design_alu_i/ALU_0/inst/divider_inst/reg_R_reg[4]/C
                         clock pessimism              0.129    22.767    
                         clock uncertainty           -0.302    22.465    
    SLICE_X51Y83         FDCE (Recov_fdce_C_CLR)     -0.577    21.888    design_alu_i/ALU_0/inst/divider_inst/reg_R_reg[4]
  -------------------------------------------------------------------
                         required time                         21.888    
                         arrival time                          -5.691    
  -------------------------------------------------------------------
                         slack                                 16.197    

Slack (MET) :             16.197ns  (required time - arrival time)
  Source:                 design_alu_i/rst_ps7_0_50M/U0/PR_OUT_DFF[0].FDRE_PER/C
                            (rising edge-triggered cell FDRE clocked by clk_fpga_0  {rise@0.000ns fall@10.000ns period=20.000ns})
  Destination:            design_alu_i/ALU_0/inst/divider_inst/reg_R_reg[5]/CLR
                            (recovery check against rising-edge clock clk_fpga_0  {rise@0.000ns fall@10.000ns period=20.000ns})
  Path Group:             **async_default**
  Path Type:              Recovery (Max at Slow Process Corner)
  Requirement:            20.000ns  (clk_fpga_0 rise@20.000ns - clk_fpga_0 rise@0.000ns)
  Data Path Delay:        2.747ns  (logic 0.419ns (15.253%)  route 2.328ns (84.747%))
  Logic Levels:           0  
  Clock Path Skew:        -0.177ns (DCD - SCD + CPR)
    Destination Clock Delay (DCD):    2.638ns = ( 22.638 - 20.000 ) 
    Source Clock Delay      (SCD):    2.944ns
    Clock Pessimism Removal (CPR):    0.129ns
  Clock Uncertainty:      0.302ns  ((TSJ^2 + TIJ^2)^1/2 + DJ) / 2 + PE
    Total System Jitter     (TSJ):    0.071ns
    Total Input Jitter      (TIJ):    0.600ns
    Discrete Jitter          (DJ):    0.000ns
    Phase Error              (PE):    0.000ns

    Location             Delay type                Incr(ns)  Path(ns)    Netlist Resource(s)
  -------------------------------------------------------------------    -------------------
                         (clock clk_fpga_0 rise edge)
                                                      0.000     0.000 r  
    PS7_X0Y0             PS7                          0.000     0.000 r  design_alu_i/processing_system7_0/inst/PS7_i/FCLKCLK[0]
                         net (fo=1, routed)           1.193     1.193    design_alu_i/processing_system7_0/inst/FCLK_CLK_unbuffered[0]
    BUFGCTRL_X0Y16       BUFG (Prop_bufg_I_O)         0.101     1.294 r  design_alu_i/processing_system7_0/inst/buffer_fclk_clk_0.FCLK_CLK_0_BUFG/O
                         net (fo=1197, routed)        1.650     2.944    design_alu_i/rst_ps7_0_50M/U0/slowest_sync_clk
    SLICE_X39Y90         FDRE                                         r  design_alu_i/rst_ps7_0_50M/U0/PR_OUT_DFF[0].FDRE_PER/C
  -------------------------------------------------------------------    -------------------
    SLICE_X39Y90         FDRE (Prop_fdre_C_Q)         0.419     3.363 f  design_alu_i/rst_ps7_0_50M/U0/PR_OUT_DFF[0].FDRE_PER/Q
                         net (fo=47, routed)          2.328     5.691    design_alu_i/ALU_0/inst/divider_inst/reset
    SLICE_X51Y83         FDCE                                         f  design_alu_i/ALU_0/inst/divider_inst/reg_R_reg[5]/CLR
  -------------------------------------------------------------------    -------------------

                         (clock clk_fpga_0 rise edge)
                                                     20.000    20.000 r  
    PS7_X0Y0             PS7                          0.000    20.000 r  design_alu_i/processing_system7_0/inst/PS7_i/FCLKCLK[0]
                         net (fo=1, routed)           1.088    21.088    design_alu_i/processing_system7_0/inst/FCLK_CLK_unbuffered[0]
    BUFGCTRL_X0Y16       BUFG (Prop_bufg_I_O)         0.091    21.179 r  design_alu_i/processing_system7_0/inst/buffer_fclk_clk_0.FCLK_CLK_0_BUFG/O
                         net (fo=1197, routed)        1.459    22.638    design_alu_i/ALU_0/inst/divider_inst/clk
    SLICE_X51Y83         FDCE                                         r  design_alu_i/ALU_0/inst/divider_inst/reg_R_reg[5]/C
                         clock pessimism              0.129    22.767    
                         clock uncertainty           -0.302    22.465    
    SLICE_X51Y83         FDCE (Recov_fdce_C_CLR)     -0.577    21.888    design_alu_i/ALU_0/inst/divider_inst/reg_R_reg[5]
  -------------------------------------------------------------------
                         required time                         21.888    
                         arrival time                          -5.691    
  -------------------------------------------------------------------
                         slack                                 16.197    

Slack (MET) :             16.283ns  (required time - arrival time)
  Source:                 design_alu_i/rst_ps7_0_50M/U0/PR_OUT_DFF[0].FDRE_PER/C
                            (rising edge-triggered cell FDRE clocked by clk_fpga_0  {rise@0.000ns fall@10.000ns period=20.000ns})
  Destination:            design_alu_i/ALU_0/inst/divider_inst/busy_reg/CLR
                            (recovery check against rising-edge clock clk_fpga_0  {rise@0.000ns fall@10.000ns period=20.000ns})
  Path Group:             **async_default**
  Path Type:              Recovery (Max at Slow Process Corner)
  Requirement:            20.000ns  (clk_fpga_0 rise@20.000ns - clk_fpga_0 rise@0.000ns)
  Data Path Delay:        2.747ns  (logic 0.419ns (15.253%)  route 2.328ns (84.747%))
  Logic Levels:           0  
  Clock Path Skew:        -0.177ns (DCD - SCD + CPR)
    Destination Clock Delay (DCD):    2.638ns = ( 22.638 - 20.000 ) 
    Source Clock Delay      (SCD):    2.944ns
    Clock Pessimism Removal (CPR):    0.129ns
  Clock Uncertainty:      0.302ns  ((TSJ^2 + TIJ^2)^1/2 + DJ) / 2 + PE
    Total System Jitter     (TSJ):    0.071ns
    Total Input Jitter      (TIJ):    0.600ns
    Discrete Jitter          (DJ):    0.000ns
    Phase Error              (PE):    0.000ns

    Location             Delay type                Incr(ns)  Path(ns)    Netlist Resource(s)
  -------------------------------------------------------------------    -------------------
                         (clock clk_fpga_0 rise edge)
                                                      0.000     0.000 r  
    PS7_X0Y0             PS7                          0.000     0.000 r  design_alu_i/processing_system7_0/inst/PS7_i/FCLKCLK[0]
                         net (fo=1, routed)           1.193     1.193    design_alu_i/processing_system7_0/inst/FCLK_CLK_unbuffered[0]
    BUFGCTRL_X0Y16       BUFG (Prop_bufg_I_O)         0.101     1.294 r  design_alu_i/processing_system7_0/inst/buffer_fclk_clk_0.FCLK_CLK_0_BUFG/O
                         net (fo=1197, routed)        1.650     2.944    design_alu_i/rst_ps7_0_50M/U0/slowest_sync_clk
    SLICE_X39Y90         FDRE                                         r  design_alu_i/rst_ps7_0_50M/U0/PR_OUT_DFF[0].FDRE_PER/C
  -------------------------------------------------------------------    -------------------
    SLICE_X39Y90         FDRE (Prop_fdre_C_Q)         0.419     3.363 f  design_alu_i/rst_ps7_0_50M/U0/PR_OUT_DFF[0].FDRE_PER/Q
                         net (fo=47, routed)          2.328     5.691    design_alu_i/ALU_0/inst/divider_inst/reset
    SLICE_X50Y83         FDCE                                         f  design_alu_i/ALU_0/inst/divider_inst/busy_reg/CLR
  -------------------------------------------------------------------    -------------------

                         (clock clk_fpga_0 rise edge)
                                                     20.000    20.000 r  
    PS7_X0Y0             PS7                          0.000    20.000 r  design_alu_i/processing_system7_0/inst/PS7_i/FCLKCLK[0]
                         net (fo=1, routed)           1.088    21.088    design_alu_i/processing_system7_0/inst/FCLK_CLK_unbuffered[0]
    BUFGCTRL_X0Y16       BUFG (Prop_bufg_I_O)         0.091    21.179 r  design_alu_i/processing_system7_0/inst/buffer_fclk_clk_0.FCLK_CLK_0_BUFG/O
                         net (fo=1197, routed)        1.459    22.638    design_alu_i/ALU_0/inst/divider_inst/clk
    SLICE_X50Y83         FDCE                                         r  design_alu_i/ALU_0/inst/divider_inst/busy_reg/C
                         clock pessimism              0.129    22.767    
                         clock uncertainty           -0.302    22.465    
    SLICE_X50Y83         FDCE (Recov_fdce_C_CLR)     -0.491    21.974    design_alu_i/ALU_0/inst/divider_inst/busy_reg
  -------------------------------------------------------------------
                         required time                         21.974    
                         arrival time                          -5.691    
  -------------------------------------------------------------------
                         slack                                 16.283    

Slack (MET) :             16.321ns  (required time - arrival time)
  Source:                 design_alu_i/rst_ps7_0_50M/U0/PR_OUT_DFF[0].FDRE_PER/C
                            (rising edge-triggered cell FDRE clocked by clk_fpga_0  {rise@0.000ns fall@10.000ns period=20.000ns})
  Destination:            design_alu_i/ALU_0/inst/divider_inst/reg_B_reg[4]/CLR
                            (recovery check against rising-edge clock clk_fpga_0  {rise@0.000ns fall@10.000ns period=20.000ns})
  Path Group:             **async_default**
  Path Type:              Recovery (Max at Slow Process Corner)
  Requirement:            20.000ns  (clk_fpga_0 rise@20.000ns - clk_fpga_0 rise@0.000ns)
  Data Path Delay:        2.736ns  (logic 0.419ns (15.317%)  route 2.317ns (84.683%))
  Logic Levels:           0  
  Clock Path Skew:        -0.064ns (DCD - SCD + CPR)
    Destination Clock Delay (DCD):    2.651ns = ( 22.651 - 20.000 ) 
    Source Clock Delay      (SCD):    2.944ns
    Clock Pessimism Removal (CPR):    0.229ns
  Clock Uncertainty:      0.302ns  ((TSJ^2 + TIJ^2)^1/2 + DJ) / 2 + PE
    Total System Jitter     (TSJ):    0.071ns
    Total Input Jitter      (TIJ):    0.600ns
    Discrete Jitter          (DJ):    0.000ns
    Phase Error              (PE):    0.000ns

    Location             Delay type                Incr(ns)  Path(ns)    Netlist Resource(s)
  -------------------------------------------------------------------    -------------------
                         (clock clk_fpga_0 rise edge)
                                                      0.000     0.000 r  
    PS7_X0Y0             PS7                          0.000     0.000 r  design_alu_i/processing_system7_0/inst/PS7_i/FCLKCLK[0]
                         net (fo=1, routed)           1.193     1.193    design_alu_i/processing_system7_0/inst/FCLK_CLK_unbuffered[0]
    BUFGCTRL_X0Y16       BUFG (Prop_bufg_I_O)         0.101     1.294 r  design_alu_i/processing_system7_0/inst/buffer_fclk_clk_0.FCLK_CLK_0_BUFG/O
                         net (fo=1197, routed)        1.650     2.944    design_alu_i/rst_ps7_0_50M/U0/slowest_sync_clk
    SLICE_X39Y90         FDRE                                         r  design_alu_i/rst_ps7_0_50M/U0/PR_OUT_DFF[0].FDRE_PER/C
  -------------------------------------------------------------------    -------------------
    SLICE_X39Y90         FDRE (Prop_fdre_C_Q)         0.419     3.363 f  design_alu_i/rst_ps7_0_50M/U0/PR_OUT_DFF[0].FDRE_PER/Q
                         net (fo=47, routed)          2.317     5.680    design_alu_i/ALU_0/inst/divider_inst/reset
    SLICE_X49Y85         FDCE                                         f  design_alu_i/ALU_0/inst/divider_inst/reg_B_reg[4]/CLR
  -------------------------------------------------------------------    -------------------

                         (clock clk_fpga_0 rise edge)
                                                     20.000    20.000 r  
    PS7_X0Y0             PS7                          0.000    20.000 r  design_alu_i/processing_system7_0/inst/PS7_i/FCLKCLK[0]
                         net (fo=1, routed)           1.088    21.088    design_alu_i/processing_system7_0/inst/FCLK_CLK_unbuffered[0]
    BUFGCTRL_X0Y16       BUFG (Prop_bufg_I_O)         0.091    21.179 r  design_alu_i/processing_system7_0/inst/buffer_fclk_clk_0.FCLK_CLK_0_BUFG/O
                         net (fo=1197, routed)        1.472    22.651    design_alu_i/ALU_0/inst/divider_inst/clk
    SLICE_X49Y85         FDCE                                         r  design_alu_i/ALU_0/inst/divider_inst/reg_B_reg[4]/C
                         clock pessimism              0.229    22.880    
                         clock uncertainty           -0.302    22.578    
    SLICE_X49Y85         FDCE (Recov_fdce_C_CLR)     -0.577    22.001    design_alu_i/ALU_0/inst/divider_inst/reg_B_reg[4]
  -------------------------------------------------------------------
                         required time                         22.001    
                         arrival time                          -5.680    
  -------------------------------------------------------------------
                         slack                                 16.321    

Slack (MET) :             16.351ns  (required time - arrival time)
  Source:                 design_alu_i/rst_ps7_0_50M/U0/PR_OUT_DFF[0].FDRE_PER/C
                            (rising edge-triggered cell FDRE clocked by clk_fpga_0  {rise@0.000ns fall@10.000ns period=20.000ns})
  Destination:            design_alu_i/ALU_0/inst/divider_inst/reg_R_reg[2]/CLR
                            (recovery check against rising-edge clock clk_fpga_0  {rise@0.000ns fall@10.000ns period=20.000ns})
  Path Group:             **async_default**
  Path Type:              Recovery (Max at Slow Process Corner)
  Requirement:            20.000ns  (clk_fpga_0 rise@20.000ns - clk_fpga_0 rise@0.000ns)
  Data Path Delay:        2.591ns  (logic 0.419ns (16.169%)  route 2.172ns (83.831%))
  Logic Levels:           0  
  Clock Path Skew:        -0.178ns (DCD - SCD + CPR)
    Destination Clock Delay (DCD):    2.637ns = ( 22.637 - 20.000 ) 
    Source Clock Delay      (SCD):    2.944ns
    Clock Pessimism Removal (CPR):    0.129ns
  Clock Uncertainty:      0.302ns  ((TSJ^2 + TIJ^2)^1/2 + DJ) / 2 + PE
    Total System Jitter     (TSJ):    0.071ns
    Total Input Jitter      (TIJ):    0.600ns
    Discrete Jitter          (DJ):    0.000ns
    Phase Error              (PE):    0.000ns

    Location             Delay type                Incr(ns)  Path(ns)    Netlist Resource(s)
  -------------------------------------------------------------------    -------------------
                         (clock clk_fpga_0 rise edge)
                                                      0.000     0.000 r  
    PS7_X0Y0             PS7                          0.000     0.000 r  design_alu_i/processing_system7_0/inst/PS7_i/FCLKCLK[0]
                         net (fo=1, routed)           1.193     1.193    design_alu_i/processing_system7_0/inst/FCLK_CLK_unbuffered[0]
    BUFGCTRL_X0Y16       BUFG (Prop_bufg_I_O)         0.101     1.294 r  design_alu_i/processing_system7_0/inst/buffer_fclk_clk_0.FCLK_CLK_0_BUFG/O
                         net (fo=1197, routed)        1.650     2.944    design_alu_i/rst_ps7_0_50M/U0/slowest_sync_clk
    SLICE_X39Y90         FDRE                                         r  design_alu_i/rst_ps7_0_50M/U0/PR_OUT_DFF[0].FDRE_PER/C
  -------------------------------------------------------------------    -------------------
    SLICE_X39Y90         FDRE (Prop_fdre_C_Q)         0.419     3.363 f  design_alu_i/rst_ps7_0_50M/U0/PR_OUT_DFF[0].FDRE_PER/Q
                         net (fo=47, routed)          2.172     5.535    design_alu_i/ALU_0/inst/divider_inst/reset
    SLICE_X51Y82         FDCE                                         f  design_alu_i/ALU_0/inst/divider_inst/reg_R_reg[2]/CLR
  -------------------------------------------------------------------    -------------------

                         (clock clk_fpga_0 rise edge)
                                                     20.000    20.000 r  
    PS7_X0Y0             PS7                          0.000    20.000 r  design_alu_i/processing_system7_0/inst/PS7_i/FCLKCLK[0]
                         net (fo=1, routed)           1.088    21.088    design_alu_i/processing_system7_0/inst/FCLK_CLK_unbuffered[0]
    BUFGCTRL_X0Y16       BUFG (Prop_bufg_I_O)         0.091    21.179 r  design_alu_i/processing_system7_0/inst/buffer_fclk_clk_0.FCLK_CLK_0_BUFG/O
                         net (fo=1197, routed)        1.458    22.637    design_alu_i/ALU_0/inst/divider_inst/clk
    SLICE_X51Y82         FDCE                                         r  design_alu_i/ALU_0/inst/divider_inst/reg_R_reg[2]/C
                         clock pessimism              0.129    22.766    
                         clock uncertainty           -0.302    22.464    
    SLICE_X51Y82         FDCE (Recov_fdce_C_CLR)     -0.577    21.887    design_alu_i/ALU_0/inst/divider_inst/reg_R_reg[2]
  -------------------------------------------------------------------
                         required time                         21.887    
                         arrival time                          -5.535    
  -------------------------------------------------------------------
                         slack                                 16.351    

Slack (MET) :             16.437ns  (required time - arrival time)
  Source:                 design_alu_i/rst_ps7_0_50M/U0/PR_OUT_DFF[0].FDRE_PER/C
                            (rising edge-triggered cell FDRE clocked by clk_fpga_0  {rise@0.000ns fall@10.000ns period=20.000ns})
  Destination:            design_alu_i/ALU_0/inst/divider_inst/reg_Q_reg[2]/CLR
                            (recovery check against rising-edge clock clk_fpga_0  {rise@0.000ns fall@10.000ns period=20.000ns})
  Path Group:             **async_default**
  Path Type:              Recovery (Max at Slow Process Corner)
  Requirement:            20.000ns  (clk_fpga_0 rise@20.000ns - clk_fpga_0 rise@0.000ns)
  Data Path Delay:        2.591ns  (logic 0.419ns (16.169%)  route 2.172ns (83.831%))
  Logic Levels:           0  
  Clock Path Skew:        -0.178ns (DCD - SCD + CPR)
    Destination Clock Delay (DCD):    2.637ns = ( 22.637 - 20.000 ) 
    Source Clock Delay      (SCD):    2.944ns
    Clock Pessimism Removal (CPR):    0.129ns
  Clock Uncertainty:      0.302ns  ((TSJ^2 + TIJ^2)^1/2 + DJ) / 2 + PE
    Total System Jitter     (TSJ):    0.071ns
    Total Input Jitter      (TIJ):    0.600ns
    Discrete Jitter          (DJ):    0.000ns
    Phase Error              (PE):    0.000ns

    Location             Delay type                Incr(ns)  Path(ns)    Netlist Resource(s)
  -------------------------------------------------------------------    -------------------
                         (clock clk_fpga_0 rise edge)
                                                      0.000     0.000 r  
    PS7_X0Y0             PS7                          0.000     0.000 r  design_alu_i/processing_system7_0/inst/PS7_i/FCLKCLK[0]
                         net (fo=1, routed)           1.193     1.193    design_alu_i/processing_system7_0/inst/FCLK_CLK_unbuffered[0]
    BUFGCTRL_X0Y16       BUFG (Prop_bufg_I_O)         0.101     1.294 r  design_alu_i/processing_system7_0/inst/buffer_fclk_clk_0.FCLK_CLK_0_BUFG/O
                         net (fo=1197, routed)        1.650     2.944    design_alu_i/rst_ps7_0_50M/U0/slowest_sync_clk
    SLICE_X39Y90         FDRE                                         r  design_alu_i/rst_ps7_0_50M/U0/PR_OUT_DFF[0].FDRE_PER/C
  -------------------------------------------------------------------    -------------------
    SLICE_X39Y90         FDRE (Prop_fdre_C_Q)         0.419     3.363 f  design_alu_i/rst_ps7_0_50M/U0/PR_OUT_DFF[0].FDRE_PER/Q
                         net (fo=47, routed)          2.172     5.535    design_alu_i/ALU_0/inst/divider_inst/reset
    SLICE_X50Y82         FDCE                                         f  design_alu_i/ALU_0/inst/divider_inst/reg_Q_reg[2]/CLR
  -------------------------------------------------------------------    -------------------

                         (clock clk_fpga_0 rise edge)
                                                     20.000    20.000 r  
    PS7_X0Y0             PS7                          0.000    20.000 r  design_alu_i/processing_system7_0/inst/PS7_i/FCLKCLK[0]
                         net (fo=1, routed)           1.088    21.088    design_alu_i/processing_system7_0/inst/FCLK_CLK_unbuffered[0]
    BUFGCTRL_X0Y16       BUFG (Prop_bufg_I_O)         0.091    21.179 r  design_alu_i/processing_system7_0/inst/buffer_fclk_clk_0.FCLK_CLK_0_BUFG/O
                         net (fo=1197, routed)        1.458    22.637    design_alu_i/ALU_0/inst/divider_inst/clk
    SLICE_X50Y82         FDCE                                         r  design_alu_i/ALU_0/inst/divider_inst/reg_Q_reg[2]/C
                         clock pessimism              0.129    22.766    
                         clock uncertainty           -0.302    22.464    
    SLICE_X50Y82         FDCE (Recov_fdce_C_CLR)     -0.491    21.973    design_alu_i/ALU_0/inst/divider_inst/reg_Q_reg[2]
  -------------------------------------------------------------------
                         required time                         21.973    
                         arrival time                          -5.535    
  -------------------------------------------------------------------
                         slack                                 16.437    





Min Delay Paths
--------------------------------------------------------------------------------------
Slack (MET) :             0.405ns  (arrival time - required time)
  Source:                 design_alu_i/rst_ps7_0_50M/U0/PR_OUT_DFF[0].FDRE_PER/C
                            (rising edge-triggered cell FDRE clocked by clk_fpga_0  {rise@0.000ns fall@10.000ns period=20.000ns})
  Destination:            design_alu_i/ALU_0/inst/result_reg_reg[13]/CLR
                            (removal check against rising-edge clock clk_fpga_0  {rise@0.000ns fall@10.000ns period=20.000ns})
  Path Group:             **async_default**
  Path Type:              Removal (Min at Fast Process Corner)
  Requirement:            0.000ns  (clk_fpga_0 rise@0.000ns - clk_fpga_0 rise@0.000ns)
  Data Path Delay:        0.298ns  (logic 0.128ns (42.892%)  route 0.170ns (57.108%))
  Logic Levels:           0  
  Clock Path Skew:        0.013ns (DCD - SCD - CPR)
    Destination Clock Delay (DCD):    1.189ns
    Source Clock Delay      (SCD):    0.891ns
    Clock Pessimism Removal (CPR):    0.285ns

    Location             Delay type                Incr(ns)  Path(ns)    Netlist Resource(s)
  -------------------------------------------------------------------    -------------------
                         (clock clk_fpga_0 rise edge)
                                                      0.000     0.000 r  
    PS7_X0Y0             PS7                          0.000     0.000 r  design_alu_i/processing_system7_0/inst/PS7_i/FCLKCLK[0]
                         net (fo=1, routed)           0.310     0.310    design_alu_i/processing_system7_0/inst/FCLK_CLK_unbuffered[0]
    BUFGCTRL_X0Y16       BUFG (Prop_bufg_I_O)         0.026     0.336 r  design_alu_i/processing_system7_0/inst/buffer_fclk_clk_0.FCLK_CLK_0_BUFG/O
                         net (fo=1197, routed)        0.555     0.891    design_alu_i/rst_ps7_0_50M/U0/slowest_sync_clk
    SLICE_X39Y90         FDRE                                         r  design_alu_i/rst_ps7_0_50M/U0/PR_OUT_DFF[0].FDRE_PER/C
  -------------------------------------------------------------------    -------------------
    SLICE_X39Y90         FDRE (Prop_fdre_C_Q)         0.128     1.019 f  design_alu_i/rst_ps7_0_50M/U0/PR_OUT_DFF[0].FDRE_PER/Q
                         net (fo=47, routed)          0.170     1.189    design_alu_i/ALU_0/inst/reset
    SLICE_X38Y90         FDCE                                         f  design_alu_i/ALU_0/inst/result_reg_reg[13]/CLR
  -------------------------------------------------------------------    -------------------

                         (clock clk_fpga_0 rise edge)
                                                      0.000     0.000 r  
    PS7_X0Y0             PS7                          0.000     0.000 r  design_alu_i/processing_system7_0/inst/PS7_i/FCLKCLK[0]
                         net (fo=1, routed)           0.337     0.337    design_alu_i/processing_system7_0/inst/FCLK_CLK_unbuffered[0]
    BUFGCTRL_X0Y16       BUFG (Prop_bufg_I_O)         0.029     0.366 r  design_alu_i/processing_system7_0/inst/buffer_fclk_clk_0.FCLK_CLK_0_BUFG/O
                         net (fo=1197, routed)        0.823     1.189    design_alu_i/ALU_0/inst/clk
    SLICE_X38Y90         FDCE                                         r  design_alu_i/ALU_0/inst/result_reg_reg[13]/C
                         clock pessimism             -0.285     0.904    
    SLICE_X38Y90         FDCE (Remov_fdce_C_CLR)     -0.120     0.784    design_alu_i/ALU_0/inst/result_reg_reg[13]
  -------------------------------------------------------------------
                         required time                         -0.784    
                         arrival time                           1.189    
  -------------------------------------------------------------------
                         slack                                  0.405    

Slack (MET) :             0.472ns  (arrival time - required time)
  Source:                 design_alu_i/rst_ps7_0_50M/U0/PR_OUT_DFF[0].FDRE_PER/C
                            (rising edge-triggered cell FDRE clocked by clk_fpga_0  {rise@0.000ns fall@10.000ns period=20.000ns})
  Destination:            design_alu_i/ALU_0/inst/result_reg_reg[12]/CLR
                            (removal check against rising-edge clock clk_fpga_0  {rise@0.000ns fall@10.000ns period=20.000ns})
  Path Group:             **async_default**
  Path Type:              Removal (Min at Fast Process Corner)
  Requirement:            0.000ns  (clk_fpga_0 rise@0.000ns - clk_fpga_0 rise@0.000ns)
  Data Path Delay:        0.361ns  (logic 0.128ns (35.481%)  route 0.233ns (64.519%))
  Logic Levels:           0  
  Clock Path Skew:        0.034ns (DCD - SCD - CPR)
    Destination Clock Delay (DCD):    1.189ns
    Source Clock Delay      (SCD):    0.891ns
    Clock Pessimism Removal (CPR):    0.264ns

    Location             Delay type                Incr(ns)  Path(ns)    Netlist Resource(s)
  -------------------------------------------------------------------    -------------------
                         (clock clk_fpga_0 rise edge)
                                                      0.000     0.000 r  
    PS7_X0Y0             PS7                          0.000     0.000 r  design_alu_i/processing_system7_0/inst/PS7_i/FCLKCLK[0]
                         net (fo=1, routed)           0.310     0.310    design_alu_i/processing_system7_0/inst/FCLK_CLK_unbuffered[0]
    BUFGCTRL_X0Y16       BUFG (Prop_bufg_I_O)         0.026     0.336 r  design_alu_i/processing_system7_0/inst/buffer_fclk_clk_0.FCLK_CLK_0_BUFG/O
                         net (fo=1197, routed)        0.555     0.891    design_alu_i/rst_ps7_0_50M/U0/slowest_sync_clk
    SLICE_X39Y90         FDRE                                         r  design_alu_i/rst_ps7_0_50M/U0/PR_OUT_DFF[0].FDRE_PER/C
  -------------------------------------------------------------------    -------------------
    SLICE_X39Y90         FDRE (Prop_fdre_C_Q)         0.128     1.019 f  design_alu_i/rst_ps7_0_50M/U0/PR_OUT_DFF[0].FDRE_PER/Q
                         net (fo=47, routed)          0.233     1.251    design_alu_i/ALU_0/inst/reset
    SLICE_X40Y91         FDCE                                         f  design_alu_i/ALU_0/inst/result_reg_reg[12]/CLR
  -------------------------------------------------------------------    -------------------

                         (clock clk_fpga_0 rise edge)
                                                      0.000     0.000 r  
    PS7_X0Y0             PS7                          0.000     0.000 r  design_alu_i/processing_system7_0/inst/PS7_i/FCLKCLK[0]
                         net (fo=1, routed)           0.337     0.337    design_alu_i/processing_system7_0/inst/FCLK_CLK_unbuffered[0]
    BUFGCTRL_X0Y16       BUFG (Prop_bufg_I_O)         0.029     0.366 r  design_alu_i/processing_system7_0/inst/buffer_fclk_clk_0.FCLK_CLK_0_BUFG/O
                         net (fo=1197, routed)        0.823     1.189    design_alu_i/ALU_0/inst/clk
    SLICE_X40Y91         FDCE                                         r  design_alu_i/ALU_0/inst/result_reg_reg[12]/C
                         clock pessimism             -0.264     0.925    
    SLICE_X40Y91         FDCE (Remov_fdce_C_CLR)     -0.145     0.780    design_alu_i/ALU_0/inst/result_reg_reg[12]
  -------------------------------------------------------------------
                         required time                         -0.780    
                         arrival time                           1.251    
  -------------------------------------------------------------------
                         slack                                  0.472    

Slack (MET) :             0.533ns  (arrival time - required time)
  Source:                 design_alu_i/rst_ps7_0_50M/U0/PR_OUT_DFF[0].FDRE_PER/C
                            (rising edge-triggered cell FDRE clocked by clk_fpga_0  {rise@0.000ns fall@10.000ns period=20.000ns})
  Destination:            design_alu_i/ALU_0/inst/result_reg_reg[14]/CLR
                            (removal check against rising-edge clock clk_fpga_0  {rise@0.000ns fall@10.000ns period=20.000ns})
  Path Group:             **async_default**
  Path Type:              Removal (Min at Fast Process Corner)
  Requirement:            0.000ns  (clk_fpga_0 rise@0.000ns - clk_fpga_0 rise@0.000ns)
  Data Path Delay:        0.422ns  (logic 0.128ns (30.350%)  route 0.294ns (69.650%))
  Logic Levels:           0  
  Clock Path Skew:        0.034ns (DCD - SCD - CPR)
    Destination Clock Delay (DCD):    1.189ns
    Source Clock Delay      (SCD):    0.891ns
    Clock Pessimism Removal (CPR):    0.264ns

    Location             Delay type                Incr(ns)  Path(ns)    Netlist Resource(s)
  -------------------------------------------------------------------    -------------------
                         (clock clk_fpga_0 rise edge)
                                                      0.000     0.000 r  
    PS7_X0Y0             PS7                          0.000     0.000 r  design_alu_i/processing_system7_0/inst/PS7_i/FCLKCLK[0]
                         net (fo=1, routed)           0.310     0.310    design_alu_i/processing_system7_0/inst/FCLK_CLK_unbuffered[0]
    BUFGCTRL_X0Y16       BUFG (Prop_bufg_I_O)         0.026     0.336 r  design_alu_i/processing_system7_0/inst/buffer_fclk_clk_0.FCLK_CLK_0_BUFG/O
                         net (fo=1197, routed)        0.555     0.891    design_alu_i/rst_ps7_0_50M/U0/slowest_sync_clk
    SLICE_X39Y90         FDRE                                         r  design_alu_i/rst_ps7_0_50M/U0/PR_OUT_DFF[0].FDRE_PER/C
  -------------------------------------------------------------------    -------------------
    SLICE_X39Y90         FDRE (Prop_fdre_C_Q)         0.128     1.019 f  design_alu_i/rst_ps7_0_50M/U0/PR_OUT_DFF[0].FDRE_PER/Q
                         net (fo=47, routed)          0.294     1.312    design_alu_i/ALU_0/inst/reset
    SLICE_X41Y92         FDCE                                         f  design_alu_i/ALU_0/inst/result_reg_reg[14]/CLR
  -------------------------------------------------------------------    -------------------

                         (clock clk_fpga_0 rise edge)
                                                      0.000     0.000 r  
    PS7_X0Y0             PS7                          0.000     0.000 r  design_alu_i/processing_system7_0/inst/PS7_i/FCLKCLK[0]
                         net (fo=1, routed)           0.337     0.337    design_alu_i/processing_system7_0/inst/FCLK_CLK_unbuffered[0]
    BUFGCTRL_X0Y16       BUFG (Prop_bufg_I_O)         0.029     0.366 r  design_alu_i/processing_system7_0/inst/buffer_fclk_clk_0.FCLK_CLK_0_BUFG/O
                         net (fo=1197, routed)        0.823     1.189    design_alu_i/ALU_0/inst/clk
    SLICE_X41Y92         FDCE                                         r  design_alu_i/ALU_0/inst/result_reg_reg[14]/C
                         clock pessimism             -0.264     0.925    
    SLICE_X41Y92         FDCE (Remov_fdce_C_CLR)     -0.145     0.780    design_alu_i/ALU_0/inst/result_reg_reg[14]
  -------------------------------------------------------------------
                         required time                         -0.780    
                         arrival time                           1.312    
  -------------------------------------------------------------------
                         slack                                  0.533    

Slack (MET) :             0.533ns  (arrival time - required time)
  Source:                 design_alu_i/rst_ps7_0_50M/U0/PR_OUT_DFF[0].FDRE_PER/C
                            (rising edge-triggered cell FDRE clocked by clk_fpga_0  {rise@0.000ns fall@10.000ns period=20.000ns})
  Destination:            design_alu_i/ALU_0/inst/result_reg_reg[15]/CLR
                            (removal check against rising-edge clock clk_fpga_0  {rise@0.000ns fall@10.000ns period=20.000ns})
  Path Group:             **async_default**
  Path Type:              Removal (Min at Fast Process Corner)
  Requirement:            0.000ns  (clk_fpga_0 rise@0.000ns - clk_fpga_0 rise@0.000ns)
  Data Path Delay:        0.422ns  (logic 0.128ns (30.350%)  route 0.294ns (69.650%))
  Logic Levels:           0  
  Clock Path Skew:        0.034ns (DCD - SCD - CPR)
    Destination Clock Delay (DCD):    1.189ns
    Source Clock Delay      (SCD):    0.891ns
    Clock Pessimism Removal (CPR):    0.264ns

    Location             Delay type                Incr(ns)  Path(ns)    Netlist Resource(s)
  -------------------------------------------------------------------    -------------------
                         (clock clk_fpga_0 rise edge)
                                                      0.000     0.000 r  
    PS7_X0Y0             PS7                          0.000     0.000 r  design_alu_i/processing_system7_0/inst/PS7_i/FCLKCLK[0]
                         net (fo=1, routed)           0.310     0.310    design_alu_i/processing_system7_0/inst/FCLK_CLK_unbuffered[0]
    BUFGCTRL_X0Y16       BUFG (Prop_bufg_I_O)         0.026     0.336 r  design_alu_i/processing_system7_0/inst/buffer_fclk_clk_0.FCLK_CLK_0_BUFG/O
                         net (fo=1197, routed)        0.555     0.891    design_alu_i/rst_ps7_0_50M/U0/slowest_sync_clk
    SLICE_X39Y90         FDRE                                         r  design_alu_i/rst_ps7_0_50M/U0/PR_OUT_DFF[0].FDRE_PER/C
  -------------------------------------------------------------------    -------------------
    SLICE_X39Y90         FDRE (Prop_fdre_C_Q)         0.128     1.019 f  design_alu_i/rst_ps7_0_50M/U0/PR_OUT_DFF[0].FDRE_PER/Q
                         net (fo=47, routed)          0.294     1.312    design_alu_i/ALU_0/inst/reset
    SLICE_X41Y92         FDCE                                         f  design_alu_i/ALU_0/inst/result_reg_reg[15]/CLR
  -------------------------------------------------------------------    -------------------

                         (clock clk_fpga_0 rise edge)
                                                      0.000     0.000 r  
    PS7_X0Y0             PS7                          0.000     0.000 r  design_alu_i/processing_system7_0/inst/PS7_i/FCLKCLK[0]
                         net (fo=1, routed)           0.337     0.337    design_alu_i/processing_system7_0/inst/FCLK_CLK_unbuffered[0]
    BUFGCTRL_X0Y16       BUFG (Prop_bufg_I_O)         0.029     0.366 r  design_alu_i/processing_system7_0/inst/buffer_fclk_clk_0.FCLK_CLK_0_BUFG/O
                         net (fo=1197, routed)        0.823     1.189    design_alu_i/ALU_0/inst/clk
    SLICE_X41Y92         FDCE                                         r  design_alu_i/ALU_0/inst/result_reg_reg[15]/C
                         clock pessimism             -0.264     0.925    
    SLICE_X41Y92         FDCE (Remov_fdce_C_CLR)     -0.145     0.780    design_alu_i/ALU_0/inst/result_reg_reg[15]
  -------------------------------------------------------------------
                         required time                         -0.780    
                         arrival time                           1.312    
  -------------------------------------------------------------------
                         slack                                  0.533    

Slack (MET) :             0.537ns  (arrival time - required time)
  Source:                 design_alu_i/rst_ps7_0_50M/U0/PR_OUT_DFF[0].FDRE_PER/C
                            (rising edge-triggered cell FDRE clocked by clk_fpga_0  {rise@0.000ns fall@10.000ns period=20.000ns})
  Destination:            design_alu_i/ALU_0/inst/result_reg_reg[10]/CLR
                            (removal check against rising-edge clock clk_fpga_0  {rise@0.000ns fall@10.000ns period=20.000ns})
  Path Group:             **async_default**
  Path Type:              Removal (Min at Fast Process Corner)
  Requirement:            0.000ns  (clk_fpga_0 rise@0.000ns - clk_fpga_0 rise@0.000ns)
  Data Path Delay:        0.426ns  (logic 0.128ns (30.040%)  route 0.298ns (69.960%))
  Logic Levels:           0  
  Clock Path Skew:        0.034ns (DCD - SCD - CPR)
    Destination Clock Delay (DCD):    1.189ns
    Source Clock Delay      (SCD):    0.891ns
    Clock Pessimism Removal (CPR):    0.264ns

    Location             Delay type                Incr(ns)  Path(ns)    Netlist Resource(s)
  -------------------------------------------------------------------    -------------------
                         (clock clk_fpga_0 rise edge)
                                                      0.000     0.000 r  
    PS7_X0Y0             PS7                          0.000     0.000 r  design_alu_i/processing_system7_0/inst/PS7_i/FCLKCLK[0]
                         net (fo=1, routed)           0.310     0.310    design_alu_i/processing_system7_0/inst/FCLK_CLK_unbuffered[0]
    BUFGCTRL_X0Y16       BUFG (Prop_bufg_I_O)         0.026     0.336 r  design_alu_i/processing_system7_0/inst/buffer_fclk_clk_0.FCLK_CLK_0_BUFG/O
                         net (fo=1197, routed)        0.555     0.891    design_alu_i/rst_ps7_0_50M/U0/slowest_sync_clk
    SLICE_X39Y90         FDRE                                         r  design_alu_i/rst_ps7_0_50M/U0/PR_OUT_DFF[0].FDRE_PER/C
  -------------------------------------------------------------------    -------------------
    SLICE_X39Y90         FDRE (Prop_fdre_C_Q)         0.128     1.019 f  design_alu_i/rst_ps7_0_50M/U0/PR_OUT_DFF[0].FDRE_PER/Q
                         net (fo=47, routed)          0.298     1.317    design_alu_i/ALU_0/inst/reset
    SLICE_X40Y92         FDCE                                         f  design_alu_i/ALU_0/inst/result_reg_reg[10]/CLR
  -------------------------------------------------------------------    -------------------

                         (clock clk_fpga_0 rise edge)
                                                      0.000     0.000 r  
    PS7_X0Y0             PS7                          0.000     0.000 r  design_alu_i/processing_system7_0/inst/PS7_i/FCLKCLK[0]
                         net (fo=1, routed)           0.337     0.337    design_alu_i/processing_system7_0/inst/FCLK_CLK_unbuffered[0]
    BUFGCTRL_X0Y16       BUFG (Prop_bufg_I_O)         0.029     0.366 r  design_alu_i/processing_system7_0/inst/buffer_fclk_clk_0.FCLK_CLK_0_BUFG/O
                         net (fo=1197, routed)        0.823     1.189    design_alu_i/ALU_0/inst/clk
    SLICE_X40Y92         FDCE                                         r  design_alu_i/ALU_0/inst/result_reg_reg[10]/C
                         clock pessimism             -0.264     0.925    
    SLICE_X40Y92         FDCE (Remov_fdce_C_CLR)     -0.145     0.780    design_alu_i/ALU_0/inst/result_reg_reg[10]
  -------------------------------------------------------------------
                         required time                         -0.780    
                         arrival time                           1.317    
  -------------------------------------------------------------------
                         slack                                  0.537    

Slack (MET) :             0.539ns  (arrival time - required time)
  Source:                 design_alu_i/rst_ps7_0_50M/U0/PR_OUT_DFF[0].FDRE_PER/C
                            (rising edge-triggered cell FDRE clocked by clk_fpga_0  {rise@0.000ns fall@10.000ns period=20.000ns})
  Destination:            design_alu_i/ALU_0/inst/result_reg_reg[11]/CLR
                            (removal check against rising-edge clock clk_fpga_0  {rise@0.000ns fall@10.000ns period=20.000ns})
  Path Group:             **async_default**
  Path Type:              Removal (Min at Fast Process Corner)
  Requirement:            0.000ns  (clk_fpga_0 rise@0.000ns - clk_fpga_0 rise@0.000ns)
  Data Path Delay:        0.428ns  (logic 0.128ns (29.897%)  route 0.300ns (70.103%))
  Logic Levels:           0  
  Clock Path Skew:        0.034ns (DCD - SCD - CPR)
    Destination Clock Delay (DCD):    1.189ns
    Source Clock Delay      (SCD):    0.891ns
    Clock Pessimism Removal (CPR):    0.264ns

    Location             Delay type                Incr(ns)  Path(ns)    Netlist Resource(s)
  -------------------------------------------------------------------    -------------------
                         (clock clk_fpga_0 rise edge)
                                                      0.000     0.000 r  
    PS7_X0Y0             PS7                          0.000     0.000 r  design_alu_i/processing_system7_0/inst/PS7_i/FCLKCLK[0]
                         net (fo=1, routed)           0.310     0.310    design_alu_i/processing_system7_0/inst/FCLK_CLK_unbuffered[0]
    BUFGCTRL_X0Y16       BUFG (Prop_bufg_I_O)         0.026     0.336 r  design_alu_i/processing_system7_0/inst/buffer_fclk_clk_0.FCLK_CLK_0_BUFG/O
                         net (fo=1197, routed)        0.555     0.891    design_alu_i/rst_ps7_0_50M/U0/slowest_sync_clk
    SLICE_X39Y90         FDRE                                         r  design_alu_i/rst_ps7_0_50M/U0/PR_OUT_DFF[0].FDRE_PER/C
  -------------------------------------------------------------------    -------------------
    SLICE_X39Y90         FDRE (Prop_fdre_C_Q)         0.128     1.019 f  design_alu_i/rst_ps7_0_50M/U0/PR_OUT_DFF[0].FDRE_PER/Q
                         net (fo=47, routed)          0.300     1.319    design_alu_i/ALU_0/inst/reset
    SLICE_X40Y90         FDCE                                         f  design_alu_i/ALU_0/inst/result_reg_reg[11]/CLR
  -------------------------------------------------------------------    -------------------

                         (clock clk_fpga_0 rise edge)
                                                      0.000     0.000 r  
    PS7_X0Y0             PS7                          0.000     0.000 r  design_alu_i/processing_system7_0/inst/PS7_i/FCLKCLK[0]
                         net (fo=1, routed)           0.337     0.337    design_alu_i/processing_system7_0/inst/FCLK_CLK_unbuffered[0]
    BUFGCTRL_X0Y16       BUFG (Prop_bufg_I_O)         0.029     0.366 r  design_alu_i/processing_system7_0/inst/buffer_fclk_clk_0.FCLK_CLK_0_BUFG/O
                         net (fo=1197, routed)        0.823     1.189    design_alu_i/ALU_0/inst/clk
    SLICE_X40Y90         FDCE                                         r  design_alu_i/ALU_0/inst/result_reg_reg[11]/C
                         clock pessimism             -0.264     0.925    
    SLICE_X40Y90         FDCE (Remov_fdce_C_CLR)     -0.145     0.780    design_alu_i/ALU_0/inst/result_reg_reg[11]
  -------------------------------------------------------------------
                         required time                         -0.780    
                         arrival time                           1.319    
  -------------------------------------------------------------------
                         slack                                  0.539    

Slack (MET) :             0.546ns  (arrival time - required time)
  Source:                 design_alu_i/rst_ps7_0_50M/U0/PR_OUT_DFF[0].FDRE_PER/C
                            (rising edge-triggered cell FDRE clocked by clk_fpga_0  {rise@0.000ns fall@10.000ns period=20.000ns})
  Destination:            design_alu_i/ALU_0/inst/result_reg_reg[9]/CLR
                            (removal check against rising-edge clock clk_fpga_0  {rise@0.000ns fall@10.000ns period=20.000ns})
  Path Group:             **async_default**
  Path Type:              Removal (Min at Fast Process Corner)
  Requirement:            0.000ns  (clk_fpga_0 rise@0.000ns - clk_fpga_0 rise@0.000ns)
  Data Path Delay:        0.434ns  (logic 0.128ns (29.502%)  route 0.306ns (70.498%))
  Logic Levels:           0  
  Clock Path Skew:        0.033ns (DCD - SCD - CPR)
    Destination Clock Delay (DCD):    1.188ns
    Source Clock Delay      (SCD):    0.891ns
    Clock Pessimism Removal (CPR):    0.264ns

    Location             Delay type                Incr(ns)  Path(ns)    Netlist Resource(s)
  -------------------------------------------------------------------    -------------------
                         (clock clk_fpga_0 rise edge)
                                                      0.000     0.000 r  
    PS7_X0Y0             PS7                          0.000     0.000 r  design_alu_i/processing_system7_0/inst/PS7_i/FCLKCLK[0]
                         net (fo=1, routed)           0.310     0.310    design_alu_i/processing_system7_0/inst/FCLK_CLK_unbuffered[0]
    BUFGCTRL_X0Y16       BUFG (Prop_bufg_I_O)         0.026     0.336 r  design_alu_i/processing_system7_0/inst/buffer_fclk_clk_0.FCLK_CLK_0_BUFG/O
                         net (fo=1197, routed)        0.555     0.891    design_alu_i/rst_ps7_0_50M/U0/slowest_sync_clk
    SLICE_X39Y90         FDRE                                         r  design_alu_i/rst_ps7_0_50M/U0/PR_OUT_DFF[0].FDRE_PER/C
  -------------------------------------------------------------------    -------------------
    SLICE_X39Y90         FDRE (Prop_fdre_C_Q)         0.128     1.019 f  design_alu_i/rst_ps7_0_50M/U0/PR_OUT_DFF[0].FDRE_PER/Q
                         net (fo=47, routed)          0.306     1.324    design_alu_i/ALU_0/inst/reset
    SLICE_X40Y89         FDCE                                         f  design_alu_i/ALU_0/inst/result_reg_reg[9]/CLR
  -------------------------------------------------------------------    -------------------

                         (clock clk_fpga_0 rise edge)
                                                      0.000     0.000 r  
    PS7_X0Y0             PS7                          0.000     0.000 r  design_alu_i/processing_system7_0/inst/PS7_i/FCLKCLK[0]
                         net (fo=1, routed)           0.337     0.337    design_alu_i/processing_system7_0/inst/FCLK_CLK_unbuffered[0]
    BUFGCTRL_X0Y16       BUFG (Prop_bufg_I_O)         0.029     0.366 r  design_alu_i/processing_system7_0/inst/buffer_fclk_clk_0.FCLK_CLK_0_BUFG/O
                         net (fo=1197, routed)        0.822     1.188    design_alu_i/ALU_0/inst/clk
    SLICE_X40Y89         FDCE                                         r  design_alu_i/ALU_0/inst/result_reg_reg[9]/C
                         clock pessimism             -0.264     0.924    
    SLICE_X40Y89         FDCE (Remov_fdce_C_CLR)     -0.145     0.779    design_alu_i/ALU_0/inst/result_reg_reg[9]
  -------------------------------------------------------------------
                         required time                         -0.779    
                         arrival time                           1.324    
  -------------------------------------------------------------------
                         slack                                  0.546    

Slack (MET) :             0.616ns  (arrival time - required time)
  Source:                 design_alu_i/rst_ps7_0_50M/U0/PR_OUT_DFF[0].FDRE_PER/C
                            (rising edge-triggered cell FDRE clocked by clk_fpga_0  {rise@0.000ns fall@10.000ns period=20.000ns})
  Destination:            design_alu_i/ALU_0/inst/result_reg_reg[7]/CLR
                            (removal check against rising-edge clock clk_fpga_0  {rise@0.000ns fall@10.000ns period=20.000ns})
  Path Group:             **async_default**
  Path Type:              Removal (Min at Fast Process Corner)
  Requirement:            0.000ns  (clk_fpga_0 rise@0.000ns - clk_fpga_0 rise@0.000ns)
  Data Path Delay:        0.504ns  (logic 0.128ns (25.384%)  route 0.376ns (74.616%))
  Logic Levels:           0  
  Clock Path Skew:        0.033ns (DCD - SCD - CPR)
    Destination Clock Delay (DCD):    1.188ns
    Source Clock Delay      (SCD):    0.891ns
    Clock Pessimism Removal (CPR):    0.264ns

    Location             Delay type                Incr(ns)  Path(ns)    Netlist Resource(s)
  -------------------------------------------------------------------    -------------------
                         (clock clk_fpga_0 rise edge)
                                                      0.000     0.000 r  
    PS7_X0Y0             PS7                          0.000     0.000 r  design_alu_i/processing_system7_0/inst/PS7_i/FCLKCLK[0]
                         net (fo=1, routed)           0.310     0.310    design_alu_i/processing_system7_0/inst/FCLK_CLK_unbuffered[0]
    BUFGCTRL_X0Y16       BUFG (Prop_bufg_I_O)         0.026     0.336 r  design_alu_i/processing_system7_0/inst/buffer_fclk_clk_0.FCLK_CLK_0_BUFG/O
                         net (fo=1197, routed)        0.555     0.891    design_alu_i/rst_ps7_0_50M/U0/slowest_sync_clk
    SLICE_X39Y90         FDRE                                         r  design_alu_i/rst_ps7_0_50M/U0/PR_OUT_DFF[0].FDRE_PER/C
  -------------------------------------------------------------------    -------------------
    SLICE_X39Y90         FDRE (Prop_fdre_C_Q)         0.128     1.019 f  design_alu_i/rst_ps7_0_50M/U0/PR_OUT_DFF[0].FDRE_PER/Q
                         net (fo=47, routed)          0.376     1.395    design_alu_i/ALU_0/inst/reset
    SLICE_X41Y88         FDCE                                         f  design_alu_i/ALU_0/inst/result_reg_reg[7]/CLR
  -------------------------------------------------------------------    -------------------

                         (clock clk_fpga_0 rise edge)
                                                      0.000     0.000 r  
    PS7_X0Y0             PS7                          0.000     0.000 r  design_alu_i/processing_system7_0/inst/PS7_i/FCLKCLK[0]
                         net (fo=1, routed)           0.337     0.337    design_alu_i/processing_system7_0/inst/FCLK_CLK_unbuffered[0]
    BUFGCTRL_X0Y16       BUFG (Prop_bufg_I_O)         0.029     0.366 r  design_alu_i/processing_system7_0/inst/buffer_fclk_clk_0.FCLK_CLK_0_BUFG/O
                         net (fo=1197, routed)        0.822     1.188    design_alu_i/ALU_0/inst/clk
    SLICE_X41Y88         FDCE                                         r  design_alu_i/ALU_0/inst/result_reg_reg[7]/C
                         clock pessimism             -0.264     0.924    
    SLICE_X41Y88         FDCE (Remov_fdce_C_CLR)     -0.145     0.779    design_alu_i/ALU_0/inst/result_reg_reg[7]
  -------------------------------------------------------------------
                         required time                         -0.779    
                         arrival time                           1.395    
  -------------------------------------------------------------------
                         slack                                  0.616    

Slack (MET) :             0.616ns  (arrival time - required time)
  Source:                 design_alu_i/rst_ps7_0_50M/U0/PR_OUT_DFF[0].FDRE_PER/C
                            (rising edge-triggered cell FDRE clocked by clk_fpga_0  {rise@0.000ns fall@10.000ns period=20.000ns})
  Destination:            design_alu_i/ALU_0/inst/result_reg_reg[8]/CLR
                            (removal check against rising-edge clock clk_fpga_0  {rise@0.000ns fall@10.000ns period=20.000ns})
  Path Group:             **async_default**
  Path Type:              Removal (Min at Fast Process Corner)
  Requirement:            0.000ns  (clk_fpga_0 rise@0.000ns - clk_fpga_0 rise@0.000ns)
  Data Path Delay:        0.504ns  (logic 0.128ns (25.384%)  route 0.376ns (74.616%))
  Logic Levels:           0  
  Clock Path Skew:        0.033ns (DCD - SCD - CPR)
    Destination Clock Delay (DCD):    1.188ns
    Source Clock Delay      (SCD):    0.891ns
    Clock Pessimism Removal (CPR):    0.264ns

    Location             Delay type                Incr(ns)  Path(ns)    Netlist Resource(s)
  -------------------------------------------------------------------    -------------------
                         (clock clk_fpga_0 rise edge)
                                                      0.000     0.000 r  
    PS7_X0Y0             PS7                          0.000     0.000 r  design_alu_i/processing_system7_0/inst/PS7_i/FCLKCLK[0]
                         net (fo=1, routed)           0.310     0.310    design_alu_i/processing_system7_0/inst/FCLK_CLK_unbuffered[0]
    BUFGCTRL_X0Y16       BUFG (Prop_bufg_I_O)         0.026     0.336 r  design_alu_i/processing_system7_0/inst/buffer_fclk_clk_0.FCLK_CLK_0_BUFG/O
                         net (fo=1197, routed)        0.555     0.891    design_alu_i/rst_ps7_0_50M/U0/slowest_sync_clk
    SLICE_X39Y90         FDRE                                         r  design_alu_i/rst_ps7_0_50M/U0/PR_OUT_DFF[0].FDRE_PER/C
  -------------------------------------------------------------------    -------------------
    SLICE_X39Y90         FDRE (Prop_fdre_C_Q)         0.128     1.019 f  design_alu_i/rst_ps7_0_50M/U0/PR_OUT_DFF[0].FDRE_PER/Q
                         net (fo=47, routed)          0.376     1.395    design_alu_i/ALU_0/inst/reset
    SLICE_X41Y88         FDCE                                         f  design_alu_i/ALU_0/inst/result_reg_reg[8]/CLR
  -------------------------------------------------------------------    -------------------

                         (clock clk_fpga_0 rise edge)
                                                      0.000     0.000 r  
    PS7_X0Y0             PS7                          0.000     0.000 r  design_alu_i/processing_system7_0/inst/PS7_i/FCLKCLK[0]
                         net (fo=1, routed)           0.337     0.337    design_alu_i/processing_system7_0/inst/FCLK_CLK_unbuffered[0]
    BUFGCTRL_X0Y16       BUFG (Prop_bufg_I_O)         0.029     0.366 r  design_alu_i/processing_system7_0/inst/buffer_fclk_clk_0.FCLK_CLK_0_BUFG/O
                         net (fo=1197, routed)        0.822     1.188    design_alu_i/ALU_0/inst/clk
    SLICE_X41Y88         FDCE                                         r  design_alu_i/ALU_0/inst/result_reg_reg[8]/C
                         clock pessimism             -0.264     0.924    
    SLICE_X41Y88         FDCE (Remov_fdce_C_CLR)     -0.145     0.779    design_alu_i/ALU_0/inst/result_reg_reg[8]
  -------------------------------------------------------------------
                         required time                         -0.779    
                         arrival time                           1.395    
  -------------------------------------------------------------------
                         slack                                  0.616    

Slack (MET) :             0.643ns  (arrival time - required time)
  Source:                 design_alu_i/rst_ps7_0_50M/U0/PR_OUT_DFF[0].FDRE_PER/C
                            (rising edge-triggered cell FDRE clocked by clk_fpga_0  {rise@0.000ns fall@10.000ns period=20.000ns})
  Destination:            design_alu_i/ALU_0/inst/result_reg_reg[6]/CLR
                            (removal check against rising-edge clock clk_fpga_0  {rise@0.000ns fall@10.000ns period=20.000ns})
  Path Group:             **async_default**
  Path Type:              Removal (Min at Fast Process Corner)
  Requirement:            0.000ns  (clk_fpga_0 rise@0.000ns - clk_fpga_0 rise@0.000ns)
  Data Path Delay:        0.554ns  (logic 0.128ns (23.101%)  route 0.426ns (76.899%))
  Logic Levels:           0  
  Clock Path Skew:        0.031ns (DCD - SCD - CPR)
    Destination Clock Delay (DCD):    1.186ns
    Source Clock Delay      (SCD):    0.891ns
    Clock Pessimism Removal (CPR):    0.264ns

    Location             Delay type                Incr(ns)  Path(ns)    Netlist Resource(s)
  -------------------------------------------------------------------    -------------------
                         (clock clk_fpga_0 rise edge)
                                                      0.000     0.000 r  
    PS7_X0Y0             PS7                          0.000     0.000 r  design_alu_i/processing_system7_0/inst/PS7_i/FCLKCLK[0]
                         net (fo=1, routed)           0.310     0.310    design_alu_i/processing_system7_0/inst/FCLK_CLK_unbuffered[0]
    BUFGCTRL_X0Y16       BUFG (Prop_bufg_I_O)         0.026     0.336 r  design_alu_i/processing_system7_0/inst/buffer_fclk_clk_0.FCLK_CLK_0_BUFG/O
                         net (fo=1197, routed)        0.555     0.891    design_alu_i/rst_ps7_0_50M/U0/slowest_sync_clk
    SLICE_X39Y90         FDRE                                         r  design_alu_i/rst_ps7_0_50M/U0/PR_OUT_DFF[0].FDRE_PER/C
  -------------------------------------------------------------------    -------------------
    SLICE_X39Y90         FDRE (Prop_fdre_C_Q)         0.128     1.019 f  design_alu_i/rst_ps7_0_50M/U0/PR_OUT_DFF[0].FDRE_PER/Q
                         net (fo=47, routed)          0.426     1.445    design_alu_i/ALU_0/inst/reset
    SLICE_X42Y87         FDCE                                         f  design_alu_i/ALU_0/inst/result_reg_reg[6]/CLR
  -------------------------------------------------------------------    -------------------

                         (clock clk_fpga_0 rise edge)
                                                      0.000     0.000 r  
    PS7_X0Y0             PS7                          0.000     0.000 r  design_alu_i/processing_system7_0/inst/PS7_i/FCLKCLK[0]
                         net (fo=1, routed)           0.337     0.337    design_alu_i/processing_system7_0/inst/FCLK_CLK_unbuffered[0]
    BUFGCTRL_X0Y16       BUFG (Prop_bufg_I_O)         0.029     0.366 r  design_alu_i/processing_system7_0/inst/buffer_fclk_clk_0.FCLK_CLK_0_BUFG/O
                         net (fo=1197, routed)        0.820     1.186    design_alu_i/ALU_0/inst/clk
    SLICE_X42Y87         FDCE                                         r  design_alu_i/ALU_0/inst/result_reg_reg[6]/C
                         clock pessimism             -0.264     0.922    
    SLICE_X42Y87         FDCE (Remov_fdce_C_CLR)     -0.120     0.802    design_alu_i/ALU_0/inst/result_reg_reg[6]
  -------------------------------------------------------------------
                         required time                         -0.802    
                         arrival time                           1.445    
  -------------------------------------------------------------------
                         slack                                  0.643    





--------------------------------------------------------------------------------------
Path Group:  (none)
From Clock:  
  To Clock:  clk_fpga_0

Max Delay             1 Endpoint
Min Delay             1 Endpoint
--------------------------------------------------------------------------------------


Max Delay Paths
--------------------------------------------------------------------------------------
Slack:                    inf
  Source:                 design_alu_i/processing_system7_0/inst/PS7_i/FCLKRESETN[0]
                            (internal pin)
  Destination:            design_alu_i/rst_ps7_0_50M/U0/EXT_LPF/ACTIVE_LOW_EXT.ACT_LO_EXT/GENERATE_LEVEL_P_S_CDC.SINGLE_BIT.CROSS_PLEVEL_IN2SCNDRY_IN_cdc_to/D
                            (rising edge-triggered cell FDRE clocked by clk_fpga_0  {rise@0.000ns fall@10.000ns period=20.000ns})
  Path Group:             (none)
  Path Type:              Setup (Max at Slow Process Corner)
  Data Path Delay:        1.557ns  (logic 0.124ns (7.965%)  route 1.433ns (92.035%))
  Logic Levels:           1  (LUT1=1)
  Clock Uncertainty:      0.301ns  ((TSJ^2 + TIJ^2)^1/2 + DJ) / 2 + PE
    Total System Jitter     (TSJ):    0.050ns
    Total Input Jitter      (TIJ):    0.600ns
    Discrete Jitter          (DJ):    0.000ns
    Phase Error              (PE):    0.000ns
  Timing Exception:       False Path

    Location             Delay type                Incr(ns)  Path(ns)    Netlist Resource(s)
  -------------------------------------------------------------------    -------------------
    PS7_X0Y0             PS7                          0.000     0.000 f  design_alu_i/processing_system7_0/inst/PS7_i/FCLKRESETN[0]
                         net (fo=1, routed)           1.433     1.433    design_alu_i/rst_ps7_0_50M/U0/EXT_LPF/ACTIVE_LOW_EXT.ACT_LO_EXT/ext_reset_in
    SLICE_X36Y96         LUT1 (Prop_lut1_I0_O)        0.124     1.557 r  design_alu_i/rst_ps7_0_50M/U0/EXT_LPF/ACTIVE_LOW_EXT.ACT_LO_EXT/GENERATE_LEVEL_P_S_CDC.SINGLE_BIT.CROSS_PLEVEL_IN2SCNDRY_IN_cdc_to_i_1/O
                         net (fo=1, routed)           0.000     1.557    design_alu_i/rst_ps7_0_50M/U0/EXT_LPF/ACTIVE_LOW_EXT.ACT_LO_EXT/exr_d1
    SLICE_X36Y96         FDRE                                         r  design_alu_i/rst_ps7_0_50M/U0/EXT_LPF/ACTIVE_LOW_EXT.ACT_LO_EXT/GENERATE_LEVEL_P_S_CDC.SINGLE_BIT.CROSS_PLEVEL_IN2SCNDRY_IN_cdc_to/D
  -------------------------------------------------------------------    -------------------

                         (clock clk_fpga_0 rise edge)
                                                      0.000     0.000 r  
    PS7_X0Y0             PS7                          0.000     0.000 r  design_alu_i/processing_system7_0/inst/PS7_i/FCLKCLK[0]
                         net (fo=1, routed)           1.088     1.088    design_alu_i/processing_system7_0/inst/FCLK_CLK_unbuffered[0]
    BUFGCTRL_X0Y16       BUFG (Prop_bufg_I_O)         0.091     1.179 r  design_alu_i/processing_system7_0/inst/buffer_fclk_clk_0.FCLK_CLK_0_BUFG/O
                         net (fo=1197, routed)        1.479     2.658    design_alu_i/rst_ps7_0_50M/U0/EXT_LPF/ACTIVE_LOW_EXT.ACT_LO_EXT/slowest_sync_clk
    SLICE_X36Y96         FDRE                                         r  design_alu_i/rst_ps7_0_50M/U0/EXT_LPF/ACTIVE_LOW_EXT.ACT_LO_EXT/GENERATE_LEVEL_P_S_CDC.SINGLE_BIT.CROSS_PLEVEL_IN2SCNDRY_IN_cdc_to/C





Min Delay Paths
--------------------------------------------------------------------------------------
Slack:                    inf
  Source:                 design_alu_i/processing_system7_0/inst/PS7_i/FCLKRESETN[0]
                            (internal pin)
  Destination:            design_alu_i/rst_ps7_0_50M/U0/EXT_LPF/ACTIVE_LOW_EXT.ACT_LO_EXT/GENERATE_LEVEL_P_S_CDC.SINGLE_BIT.CROSS_PLEVEL_IN2SCNDRY_IN_cdc_to/D
                            (rising edge-triggered cell FDRE clocked by clk_fpga_0  {rise@0.000ns fall@10.000ns period=20.000ns})
  Path Group:             (none)
  Path Type:              Hold (Min at Fast Process Corner)
  Data Path Delay:        0.618ns  (logic 0.045ns (7.284%)  route 0.573ns (92.716%))
  Logic Levels:           1  (LUT1=1)
  Clock Uncertainty:      0.301ns  ((TSJ^2 + TIJ^2)^1/2 + DJ) / 2 + PE
    Total System Jitter     (TSJ):    0.050ns
    Total Input Jitter      (TIJ):    0.600ns
    Discrete Jitter          (DJ):    0.000ns
    Phase Error              (PE):    0.000ns
  Timing Exception:       False Path

    Location             Delay type                Incr(ns)  Path(ns)    Netlist Resource(s)
  -------------------------------------------------------------------    -------------------
    PS7_X0Y0             PS7                          0.000     0.000 f  design_alu_i/processing_system7_0/inst/PS7_i/FCLKRESETN[0]
                         net (fo=1, routed)           0.573     0.573    design_alu_i/rst_ps7_0_50M/U0/EXT_LPF/ACTIVE_LOW_EXT.ACT_LO_EXT/ext_reset_in
    SLICE_X36Y96         LUT1 (Prop_lut1_I0_O)        0.045     0.618 r  design_alu_i/rst_ps7_0_50M/U0/EXT_LPF/ACTIVE_LOW_EXT.ACT_LO_EXT/GENERATE_LEVEL_P_S_CDC.SINGLE_BIT.CROSS_PLEVEL_IN2SCNDRY_IN_cdc_to_i_1/O
                         net (fo=1, routed)           0.000     0.618    design_alu_i/rst_ps7_0_50M/U0/EXT_LPF/ACTIVE_LOW_EXT.ACT_LO_EXT/exr_d1
    SLICE_X36Y96         FDRE                                         r  design_alu_i/rst_ps7_0_50M/U0/EXT_LPF/ACTIVE_LOW_EXT.ACT_LO_EXT/GENERATE_LEVEL_P_S_CDC.SINGLE_BIT.CROSS_PLEVEL_IN2SCNDRY_IN_cdc_to/D
  -------------------------------------------------------------------    -------------------

                         (clock clk_fpga_0 rise edge)
                                                      0.000     0.000 r  
    PS7_X0Y0             PS7                          0.000     0.000 r  design_alu_i/processing_system7_0/inst/PS7_i/FCLKCLK[0]
                         net (fo=1, routed)           0.337     0.337    design_alu_i/processing_system7_0/inst/FCLK_CLK_unbuffered[0]
    BUFGCTRL_X0Y16       BUFG (Prop_bufg_I_O)         0.029     0.366 r  design_alu_i/processing_system7_0/inst/buffer_fclk_clk_0.FCLK_CLK_0_BUFG/O
                         net (fo=1197, routed)        0.824     1.190    design_alu_i/rst_ps7_0_50M/U0/EXT_LPF/ACTIVE_LOW_EXT.ACT_LO_EXT/slowest_sync_clk
    SLICE_X36Y96         FDRE                                         r  design_alu_i/rst_ps7_0_50M/U0/EXT_LPF/ACTIVE_LOW_EXT.ACT_LO_EXT/GENERATE_LEVEL_P_S_CDC.SINGLE_BIT.CROSS_PLEVEL_IN2SCNDRY_IN_cdc_to/C





--------------------------------------------------------------------------------------
Path Group:  (none)
From Clock:  clk_fpga_0
  To Clock:  clk_fpga_0

Max Delay            18 Endpoints
Min Delay            18 Endpoints
--------------------------------------------------------------------------------------


Max Delay Paths
--------------------------------------------------------------------------------------
Slack:                    inf
  Source:                 design_alu_i/ALU_0/inst/divider_inst/busy_reg/C
                            (rising edge-triggered cell FDCE clocked by clk_fpga_0  {rise@0.000ns fall@10.000ns period=20.000ns})
  Destination:            design_alu_i/axi_gpio_io/U0/gpio_core_1/Not_Dual.INPUT_DOUBLE_REGS3/GENERATE_LEVEL_P_S_CDC.MULTI_BIT.FOR_IN_cdc_to[0].CROSS2_PLEVEL_IN2SCNDRY_IN_cdc_to/D
                            (rising edge-triggered cell FDRE clocked by clk_fpga_0  {rise@0.000ns fall@10.000ns period=20.000ns})
  Path Group:             (none)
  Path Type:              Setup (Max at Slow Process Corner)
  Data Path Delay:        2.169ns  (logic 0.671ns (30.941%)  route 1.498ns (69.059%))
  Logic Levels:           1  (LUT2=1)
  Clock Path Skew:        -0.292ns (DCD - SCD + CPR)
    Destination Clock Delay (DCD):    2.633ns
    Source Clock Delay      (SCD):    2.925ns
    Clock Pessimism Removal (CPR):    0.000ns
  Clock Uncertainty:      0.302ns  ((TSJ^2 + TIJ^2)^1/2 + DJ) / 2 + PE
    Total System Jitter     (TSJ):    0.071ns
    Total Input Jitter      (TIJ):    0.600ns
    Discrete Jitter          (DJ):    0.000ns
    Phase Error              (PE):    0.000ns
  Timing Exception:       False Path

    Location             Delay type                Incr(ns)  Path(ns)    Netlist Resource(s)
  -------------------------------------------------------------------    -------------------
                         (clock clk_fpga_0 rise edge)
                                                      0.000     0.000 r  
    PS7_X0Y0             PS7                          0.000     0.000 r  design_alu_i/processing_system7_0/inst/PS7_i/FCLKCLK[0]
                         net (fo=1, routed)           1.193     1.193    design_alu_i/processing_system7_0/inst/FCLK_CLK_unbuffered[0]
    BUFGCTRL_X0Y16       BUFG (Prop_bufg_I_O)         0.101     1.294 r  design_alu_i/processing_system7_0/inst/buffer_fclk_clk_0.FCLK_CLK_0_BUFG/O
                         net (fo=1197, routed)        1.631     2.925    design_alu_i/ALU_0/inst/divider_inst/clk
    SLICE_X50Y83         FDCE                                         r  design_alu_i/ALU_0/inst/divider_inst/busy_reg/C
  -------------------------------------------------------------------    -------------------
    SLICE_X50Y83         FDCE (Prop_fdce_C_Q)         0.518     3.443 r  design_alu_i/ALU_0/inst/divider_inst/busy_reg/Q
                         net (fo=26, routed)          0.905     4.348    design_alu_i/ALU_0/inst/divider_inst/busy
    SLICE_X50Y82         LUT2 (Prop_lut2_I1_O)        0.153     4.501 r  design_alu_i/ALU_0/inst/divider_inst/status_out[0]_INST_0/O
                         net (fo=1, routed)           0.593     5.094    design_alu_i/axi_gpio_io/U0/gpio_core_1/Not_Dual.INPUT_DOUBLE_REGS3/gpio_io_i[0]
    SLICE_X50Y78         FDRE                                         r  design_alu_i/axi_gpio_io/U0/gpio_core_1/Not_Dual.INPUT_DOUBLE_REGS3/GENERATE_LEVEL_P_S_CDC.MULTI_BIT.FOR_IN_cdc_to[0].CROSS2_PLEVEL_IN2SCNDRY_IN_cdc_to/D
  -------------------------------------------------------------------    -------------------

                         (clock clk_fpga_0 rise edge)
                                                      0.000     0.000 r  
    PS7_X0Y0             PS7                          0.000     0.000 r  design_alu_i/processing_system7_0/inst/PS7_i/FCLKCLK[0]
                         net (fo=1, routed)           1.088     1.088    design_alu_i/processing_system7_0/inst/FCLK_CLK_unbuffered[0]
    BUFGCTRL_X0Y16       BUFG (Prop_bufg_I_O)         0.091     1.179 r  design_alu_i/processing_system7_0/inst/buffer_fclk_clk_0.FCLK_CLK_0_BUFG/O
                         net (fo=1197, routed)        1.454     2.633    design_alu_i/axi_gpio_io/U0/gpio_core_1/Not_Dual.INPUT_DOUBLE_REGS3/s_axi_aclk
    SLICE_X50Y78         FDRE                                         r  design_alu_i/axi_gpio_io/U0/gpio_core_1/Not_Dual.INPUT_DOUBLE_REGS3/GENERATE_LEVEL_P_S_CDC.MULTI_BIT.FOR_IN_cdc_to[0].CROSS2_PLEVEL_IN2SCNDRY_IN_cdc_to/C

Slack:                    inf
  Source:                 design_alu_i/ALU_0/inst/result_reg_reg[4]/C
                            (rising edge-triggered cell FDCE clocked by clk_fpga_0  {rise@0.000ns fall@10.000ns period=20.000ns})
  Destination:            design_alu_i/axi_gpio_RESULT/U0/gpio_core_1/Not_Dual.INPUT_DOUBLE_REGS3/GENERATE_LEVEL_P_S_CDC.MULTI_BIT.FOR_IN_cdc_to[4].CROSS2_PLEVEL_IN2SCNDRY_IN_cdc_to/D
                            (rising edge-triggered cell FDRE clocked by clk_fpga_0  {rise@0.000ns fall@10.000ns period=20.000ns})
  Path Group:             (none)
  Path Type:              Setup (Max at Slow Process Corner)
  Data Path Delay:        1.248ns  (logic 0.518ns (41.511%)  route 0.730ns (58.489%))
  Logic Levels:           0  
  Clock Path Skew:        -0.286ns (DCD - SCD + CPR)
    Destination Clock Delay (DCD):    2.654ns
    Source Clock Delay      (SCD):    2.940ns
    Clock Pessimism Removal (CPR):    0.000ns
  Clock Uncertainty:      0.302ns  ((TSJ^2 + TIJ^2)^1/2 + DJ) / 2 + PE
    Total System Jitter     (TSJ):    0.071ns
    Total Input Jitter      (TIJ):    0.600ns
    Discrete Jitter          (DJ):    0.000ns
    Phase Error              (PE):    0.000ns
  Timing Exception:       False Path

    Location             Delay type                Incr(ns)  Path(ns)    Netlist Resource(s)
  -------------------------------------------------------------------    -------------------
                         (clock clk_fpga_0 rise edge)
                                                      0.000     0.000 r  
    PS7_X0Y0             PS7                          0.000     0.000 r  design_alu_i/processing_system7_0/inst/PS7_i/FCLKCLK[0]
                         net (fo=1, routed)           1.193     1.193    design_alu_i/processing_system7_0/inst/FCLK_CLK_unbuffered[0]
    BUFGCTRL_X0Y16       BUFG (Prop_bufg_I_O)         0.101     1.294 r  design_alu_i/processing_system7_0/inst/buffer_fclk_clk_0.FCLK_CLK_0_BUFG/O
                         net (fo=1197, routed)        1.646     2.940    design_alu_i/ALU_0/inst/clk
    SLICE_X42Y86         FDCE                                         r  design_alu_i/ALU_0/inst/result_reg_reg[4]/C
  -------------------------------------------------------------------    -------------------
    SLICE_X42Y86         FDCE (Prop_fdce_C_Q)         0.518     3.458 r  design_alu_i/ALU_0/inst/result_reg_reg[4]/Q
                         net (fo=1, routed)           0.730     4.188    design_alu_i/axi_gpio_RESULT/U0/gpio_core_1/Not_Dual.INPUT_DOUBLE_REGS3/gpio_io_i[4]
    SLICE_X35Y85         FDRE                                         r  design_alu_i/axi_gpio_RESULT/U0/gpio_core_1/Not_Dual.INPUT_DOUBLE_REGS3/GENERATE_LEVEL_P_S_CDC.MULTI_BIT.FOR_IN_cdc_to[4].CROSS2_PLEVEL_IN2SCNDRY_IN_cdc_to/D
  -------------------------------------------------------------------    -------------------

                         (clock clk_fpga_0 rise edge)
                                                      0.000     0.000 r  
    PS7_X0Y0             PS7                          0.000     0.000 r  design_alu_i/processing_system7_0/inst/PS7_i/FCLKCLK[0]
                         net (fo=1, routed)           1.088     1.088    design_alu_i/processing_system7_0/inst/FCLK_CLK_unbuffered[0]
    BUFGCTRL_X0Y16       BUFG (Prop_bufg_I_O)         0.091     1.179 r  design_alu_i/processing_system7_0/inst/buffer_fclk_clk_0.FCLK_CLK_0_BUFG/O
                         net (fo=1197, routed)        1.475     2.654    design_alu_i/axi_gpio_RESULT/U0/gpio_core_1/Not_Dual.INPUT_DOUBLE_REGS3/s_axi_aclk
    SLICE_X35Y85         FDRE                                         r  design_alu_i/axi_gpio_RESULT/U0/gpio_core_1/Not_Dual.INPUT_DOUBLE_REGS3/GENERATE_LEVEL_P_S_CDC.MULTI_BIT.FOR_IN_cdc_to[4].CROSS2_PLEVEL_IN2SCNDRY_IN_cdc_to/C

Slack:                    inf
  Source:                 design_alu_i/ALU_0/inst/result_reg_reg[3]/C
                            (rising edge-triggered cell FDCE clocked by clk_fpga_0  {rise@0.000ns fall@10.000ns period=20.000ns})
  Destination:            design_alu_i/axi_gpio_RESULT/U0/gpio_core_1/Not_Dual.INPUT_DOUBLE_REGS3/GENERATE_LEVEL_P_S_CDC.MULTI_BIT.FOR_IN_cdc_to[3].CROSS2_PLEVEL_IN2SCNDRY_IN_cdc_to/D
                            (rising edge-triggered cell FDRE clocked by clk_fpga_0  {rise@0.000ns fall@10.000ns period=20.000ns})
  Path Group:             (none)
  Path Type:              Setup (Max at Slow Process Corner)
  Data Path Delay:        1.104ns  (logic 0.518ns (46.902%)  route 0.586ns (53.098%))
  Logic Levels:           0  
  Clock Path Skew:        -0.287ns (DCD - SCD + CPR)
    Destination Clock Delay (DCD):    2.653ns
    Source Clock Delay      (SCD):    2.940ns
    Clock Pessimism Removal (CPR):    0.000ns
  Clock Uncertainty:      0.302ns  ((TSJ^2 + TIJ^2)^1/2 + DJ) / 2 + PE
    Total System Jitter     (TSJ):    0.071ns
    Total Input Jitter      (TIJ):    0.600ns
    Discrete Jitter          (DJ):    0.000ns
    Phase Error              (PE):    0.000ns
  Timing Exception:       False Path

    Location             Delay type                Incr(ns)  Path(ns)    Netlist Resource(s)
  -------------------------------------------------------------------    -------------------
                         (clock clk_fpga_0 rise edge)
                                                      0.000     0.000 r  
    PS7_X0Y0             PS7                          0.000     0.000 r  design_alu_i/processing_system7_0/inst/PS7_i/FCLKCLK[0]
                         net (fo=1, routed)           1.193     1.193    design_alu_i/processing_system7_0/inst/FCLK_CLK_unbuffered[0]
    BUFGCTRL_X0Y16       BUFG (Prop_bufg_I_O)         0.101     1.294 r  design_alu_i/processing_system7_0/inst/buffer_fclk_clk_0.FCLK_CLK_0_BUFG/O
                         net (fo=1197, routed)        1.646     2.940    design_alu_i/ALU_0/inst/clk
    SLICE_X42Y86         FDCE                                         r  design_alu_i/ALU_0/inst/result_reg_reg[3]/C
  -------------------------------------------------------------------    -------------------
    SLICE_X42Y86         FDCE (Prop_fdce_C_Q)         0.518     3.458 r  design_alu_i/ALU_0/inst/result_reg_reg[3]/Q
                         net (fo=1, routed)           0.586     4.044    design_alu_i/axi_gpio_RESULT/U0/gpio_core_1/Not_Dual.INPUT_DOUBLE_REGS3/gpio_io_i[3]
    SLICE_X38Y86         FDRE                                         r  design_alu_i/axi_gpio_RESULT/U0/gpio_core_1/Not_Dual.INPUT_DOUBLE_REGS3/GENERATE_LEVEL_P_S_CDC.MULTI_BIT.FOR_IN_cdc_to[3].CROSS2_PLEVEL_IN2SCNDRY_IN_cdc_to/D
  -------------------------------------------------------------------    -------------------

                         (clock clk_fpga_0 rise edge)
                                                      0.000     0.000 r  
    PS7_X0Y0             PS7                          0.000     0.000 r  design_alu_i/processing_system7_0/inst/PS7_i/FCLKCLK[0]
                         net (fo=1, routed)           1.088     1.088    design_alu_i/processing_system7_0/inst/FCLK_CLK_unbuffered[0]
    BUFGCTRL_X0Y16       BUFG (Prop_bufg_I_O)         0.091     1.179 r  design_alu_i/processing_system7_0/inst/buffer_fclk_clk_0.FCLK_CLK_0_BUFG/O
                         net (fo=1197, routed)        1.474     2.653    design_alu_i/axi_gpio_RESULT/U0/gpio_core_1/Not_Dual.INPUT_DOUBLE_REGS3/s_axi_aclk
    SLICE_X38Y86         FDRE                                         r  design_alu_i/axi_gpio_RESULT/U0/gpio_core_1/Not_Dual.INPUT_DOUBLE_REGS3/GENERATE_LEVEL_P_S_CDC.MULTI_BIT.FOR_IN_cdc_to[3].CROSS2_PLEVEL_IN2SCNDRY_IN_cdc_to/C

Slack:                    inf
  Source:                 design_alu_i/ALU_0/inst/result_reg_reg[14]/C
                            (rising edge-triggered cell FDCE clocked by clk_fpga_0  {rise@0.000ns fall@10.000ns period=20.000ns})
  Destination:            design_alu_i/axi_gpio_RESULT/U0/gpio_core_1/Not_Dual.INPUT_DOUBLE_REGS3/GENERATE_LEVEL_P_S_CDC.MULTI_BIT.FOR_IN_cdc_to[14].CROSS2_PLEVEL_IN2SCNDRY_IN_cdc_to/D
                            (rising edge-triggered cell FDRE clocked by clk_fpga_0  {rise@0.000ns fall@10.000ns period=20.000ns})
  Path Group:             (none)
  Path Type:              Setup (Max at Slow Process Corner)
  Data Path Delay:        1.081ns  (logic 0.456ns (42.193%)  route 0.625ns (57.807%))
  Logic Levels:           0  
  Clock Path Skew:        -0.288ns (DCD - SCD + CPR)
    Destination Clock Delay (DCD):    2.656ns
    Source Clock Delay      (SCD):    2.944ns
    Clock Pessimism Removal (CPR):    0.000ns
  Clock Uncertainty:      0.302ns  ((TSJ^2 + TIJ^2)^1/2 + DJ) / 2 + PE
    Total System Jitter     (TSJ):    0.071ns
    Total Input Jitter      (TIJ):    0.600ns
    Discrete Jitter          (DJ):    0.000ns
    Phase Error              (PE):    0.000ns
  Timing Exception:       False Path

    Location             Delay type                Incr(ns)  Path(ns)    Netlist Resource(s)
  -------------------------------------------------------------------    -------------------
                         (clock clk_fpga_0 rise edge)
                                                      0.000     0.000 r  
    PS7_X0Y0             PS7                          0.000     0.000 r  design_alu_i/processing_system7_0/inst/PS7_i/FCLKCLK[0]
                         net (fo=1, routed)           1.193     1.193    design_alu_i/processing_system7_0/inst/FCLK_CLK_unbuffered[0]
    BUFGCTRL_X0Y16       BUFG (Prop_bufg_I_O)         0.101     1.294 r  design_alu_i/processing_system7_0/inst/buffer_fclk_clk_0.FCLK_CLK_0_BUFG/O
                         net (fo=1197, routed)        1.650     2.944    design_alu_i/ALU_0/inst/clk
    SLICE_X41Y92         FDCE                                         r  design_alu_i/ALU_0/inst/result_reg_reg[14]/C
  -------------------------------------------------------------------    -------------------
    SLICE_X41Y92         FDCE (Prop_fdce_C_Q)         0.456     3.400 r  design_alu_i/ALU_0/inst/result_reg_reg[14]/Q
                         net (fo=1, routed)           0.625     4.025    design_alu_i/axi_gpio_RESULT/U0/gpio_core_1/Not_Dual.INPUT_DOUBLE_REGS3/gpio_io_i[14]
    SLICE_X37Y89         FDRE                                         r  design_alu_i/axi_gpio_RESULT/U0/gpio_core_1/Not_Dual.INPUT_DOUBLE_REGS3/GENERATE_LEVEL_P_S_CDC.MULTI_BIT.FOR_IN_cdc_to[14].CROSS2_PLEVEL_IN2SCNDRY_IN_cdc_to/D
  -------------------------------------------------------------------    -------------------

                         (clock clk_fpga_0 rise edge)
                                                      0.000     0.000 r  
    PS7_X0Y0             PS7                          0.000     0.000 r  design_alu_i/processing_system7_0/inst/PS7_i/FCLKCLK[0]
                         net (fo=1, routed)           1.088     1.088    design_alu_i/processing_system7_0/inst/FCLK_CLK_unbuffered[0]
    BUFGCTRL_X0Y16       BUFG (Prop_bufg_I_O)         0.091     1.179 r  design_alu_i/processing_system7_0/inst/buffer_fclk_clk_0.FCLK_CLK_0_BUFG/O
                         net (fo=1197, routed)        1.477     2.656    design_alu_i/axi_gpio_RESULT/U0/gpio_core_1/Not_Dual.INPUT_DOUBLE_REGS3/s_axi_aclk
    SLICE_X37Y89         FDRE                                         r  design_alu_i/axi_gpio_RESULT/U0/gpio_core_1/Not_Dual.INPUT_DOUBLE_REGS3/GENERATE_LEVEL_P_S_CDC.MULTI_BIT.FOR_IN_cdc_to[14].CROSS2_PLEVEL_IN2SCNDRY_IN_cdc_to/C

Slack:                    inf
  Source:                 design_alu_i/ALU_0/inst/result_reg_reg[1]/C
                            (rising edge-triggered cell FDCE clocked by clk_fpga_0  {rise@0.000ns fall@10.000ns period=20.000ns})
  Destination:            design_alu_i/axi_gpio_RESULT/U0/gpio_core_1/Not_Dual.INPUT_DOUBLE_REGS3/GENERATE_LEVEL_P_S_CDC.MULTI_BIT.FOR_IN_cdc_to[1].CROSS2_PLEVEL_IN2SCNDRY_IN_cdc_to/D
                            (rising edge-triggered cell FDRE clocked by clk_fpga_0  {rise@0.000ns fall@10.000ns period=20.000ns})
  Path Group:             (none)
  Path Type:              Setup (Max at Slow Process Corner)
  Data Path Delay:        1.074ns  (logic 0.456ns (42.471%)  route 0.618ns (57.529%))
  Logic Levels:           0  
  Clock Path Skew:        -0.285ns (DCD - SCD + CPR)
    Destination Clock Delay (DCD):    2.652ns
    Source Clock Delay      (SCD):    2.937ns
    Clock Pessimism Removal (CPR):    0.000ns
  Clock Uncertainty:      0.302ns  ((TSJ^2 + TIJ^2)^1/2 + DJ) / 2 + PE
    Total System Jitter     (TSJ):    0.071ns
    Total Input Jitter      (TIJ):    0.600ns
    Discrete Jitter          (DJ):    0.000ns
    Phase Error              (PE):    0.000ns
  Timing Exception:       False Path

    Location             Delay type                Incr(ns)  Path(ns)    Netlist Resource(s)
  -------------------------------------------------------------------    -------------------
                         (clock clk_fpga_0 rise edge)
                                                      0.000     0.000 r  
    PS7_X0Y0             PS7                          0.000     0.000 r  design_alu_i/processing_system7_0/inst/PS7_i/FCLKCLK[0]
                         net (fo=1, routed)           1.193     1.193    design_alu_i/processing_system7_0/inst/FCLK_CLK_unbuffered[0]
    BUFGCTRL_X0Y16       BUFG (Prop_bufg_I_O)         0.101     1.294 r  design_alu_i/processing_system7_0/inst/buffer_fclk_clk_0.FCLK_CLK_0_BUFG/O
                         net (fo=1197, routed)        1.643     2.937    design_alu_i/ALU_0/inst/clk
    SLICE_X44Y83         FDCE                                         r  design_alu_i/ALU_0/inst/result_reg_reg[1]/C
  -------------------------------------------------------------------    -------------------
    SLICE_X44Y83         FDCE (Prop_fdce_C_Q)         0.456     3.393 r  design_alu_i/ALU_0/inst/result_reg_reg[1]/Q
                         net (fo=1, routed)           0.618     4.011    design_alu_i/axi_gpio_RESULT/U0/gpio_core_1/Not_Dual.INPUT_DOUBLE_REGS3/gpio_io_i[1]
    SLICE_X39Y84         FDRE                                         r  design_alu_i/axi_gpio_RESULT/U0/gpio_core_1/Not_Dual.INPUT_DOUBLE_REGS3/GENERATE_LEVEL_P_S_CDC.MULTI_BIT.FOR_IN_cdc_to[1].CROSS2_PLEVEL_IN2SCNDRY_IN_cdc_to/D
  -------------------------------------------------------------------    -------------------

                         (clock clk_fpga_0 rise edge)
                                                      0.000     0.000 r  
    PS7_X0Y0             PS7                          0.000     0.000 r  design_alu_i/processing_system7_0/inst/PS7_i/FCLKCLK[0]
                         net (fo=1, routed)           1.088     1.088    design_alu_i/processing_system7_0/inst/FCLK_CLK_unbuffered[0]
    BUFGCTRL_X0Y16       BUFG (Prop_bufg_I_O)         0.091     1.179 r  design_alu_i/processing_system7_0/inst/buffer_fclk_clk_0.FCLK_CLK_0_BUFG/O
                         net (fo=1197, routed)        1.473     2.652    design_alu_i/axi_gpio_RESULT/U0/gpio_core_1/Not_Dual.INPUT_DOUBLE_REGS3/s_axi_aclk
    SLICE_X39Y84         FDRE                                         r  design_alu_i/axi_gpio_RESULT/U0/gpio_core_1/Not_Dual.INPUT_DOUBLE_REGS3/GENERATE_LEVEL_P_S_CDC.MULTI_BIT.FOR_IN_cdc_to[1].CROSS2_PLEVEL_IN2SCNDRY_IN_cdc_to/C

Slack:                    inf
  Source:                 design_alu_i/ALU_0/inst/result_reg_reg[10]/C
                            (rising edge-triggered cell FDCE clocked by clk_fpga_0  {rise@0.000ns fall@10.000ns period=20.000ns})
  Destination:            design_alu_i/axi_gpio_RESULT/U0/gpio_core_1/Not_Dual.INPUT_DOUBLE_REGS3/GENERATE_LEVEL_P_S_CDC.MULTI_BIT.FOR_IN_cdc_to[10].CROSS2_PLEVEL_IN2SCNDRY_IN_cdc_to/D
                            (rising edge-triggered cell FDRE clocked by clk_fpga_0  {rise@0.000ns fall@10.000ns period=20.000ns})
  Path Group:             (none)
  Path Type:              Setup (Max at Slow Process Corner)
  Data Path Delay:        1.061ns  (logic 0.456ns (42.979%)  route 0.605ns (57.021%))
  Logic Levels:           0  
  Clock Path Skew:        -0.288ns (DCD - SCD + CPR)
    Destination Clock Delay (DCD):    2.656ns
    Source Clock Delay      (SCD):    2.944ns
    Clock Pessimism Removal (CPR):    0.000ns
  Clock Uncertainty:      0.302ns  ((TSJ^2 + TIJ^2)^1/2 + DJ) / 2 + PE
    Total System Jitter     (TSJ):    0.071ns
    Total Input Jitter      (TIJ):    0.600ns
    Discrete Jitter          (DJ):    0.000ns
    Phase Error              (PE):    0.000ns
  Timing Exception:       False Path

    Location             Delay type                Incr(ns)  Path(ns)    Netlist Resource(s)
  -------------------------------------------------------------------    -------------------
                         (clock clk_fpga_0 rise edge)
                                                      0.000     0.000 r  
    PS7_X0Y0             PS7                          0.000     0.000 r  design_alu_i/processing_system7_0/inst/PS7_i/FCLKCLK[0]
                         net (fo=1, routed)           1.193     1.193    design_alu_i/processing_system7_0/inst/FCLK_CLK_unbuffered[0]
    BUFGCTRL_X0Y16       BUFG (Prop_bufg_I_O)         0.101     1.294 r  design_alu_i/processing_system7_0/inst/buffer_fclk_clk_0.FCLK_CLK_0_BUFG/O
                         net (fo=1197, routed)        1.650     2.944    design_alu_i/ALU_0/inst/clk
    SLICE_X40Y92         FDCE                                         r  design_alu_i/ALU_0/inst/result_reg_reg[10]/C
  -------------------------------------------------------------------    -------------------
    SLICE_X40Y92         FDCE (Prop_fdce_C_Q)         0.456     3.400 r  design_alu_i/ALU_0/inst/result_reg_reg[10]/Q
                         net (fo=1, routed)           0.605     4.005    design_alu_i/axi_gpio_RESULT/U0/gpio_core_1/Not_Dual.INPUT_DOUBLE_REGS3/gpio_io_i[10]
    SLICE_X36Y89         FDRE                                         r  design_alu_i/axi_gpio_RESULT/U0/gpio_core_1/Not_Dual.INPUT_DOUBLE_REGS3/GENERATE_LEVEL_P_S_CDC.MULTI_BIT.FOR_IN_cdc_to[10].CROSS2_PLEVEL_IN2SCNDRY_IN_cdc_to/D
  -------------------------------------------------------------------    -------------------

                         (clock clk_fpga_0 rise edge)
                                                      0.000     0.000 r  
    PS7_X0Y0             PS7                          0.000     0.000 r  design_alu_i/processing_system7_0/inst/PS7_i/FCLKCLK[0]
                         net (fo=1, routed)           1.088     1.088    design_alu_i/processing_system7_0/inst/FCLK_CLK_unbuffered[0]
    BUFGCTRL_X0Y16       BUFG (Prop_bufg_I_O)         0.091     1.179 r  design_alu_i/processing_system7_0/inst/buffer_fclk_clk_0.FCLK_CLK_0_BUFG/O
                         net (fo=1197, routed)        1.477     2.656    design_alu_i/axi_gpio_RESULT/U0/gpio_core_1/Not_Dual.INPUT_DOUBLE_REGS3/s_axi_aclk
    SLICE_X36Y89         FDRE                                         r  design_alu_i/axi_gpio_RESULT/U0/gpio_core_1/Not_Dual.INPUT_DOUBLE_REGS3/GENERATE_LEVEL_P_S_CDC.MULTI_BIT.FOR_IN_cdc_to[10].CROSS2_PLEVEL_IN2SCNDRY_IN_cdc_to/C

Slack:                    inf
  Source:                 design_alu_i/ALU_0/inst/result_reg_reg[8]/C
                            (rising edge-triggered cell FDCE clocked by clk_fpga_0  {rise@0.000ns fall@10.000ns period=20.000ns})
  Destination:            design_alu_i/axi_gpio_RESULT/U0/gpio_core_1/Not_Dual.INPUT_DOUBLE_REGS3/GENERATE_LEVEL_P_S_CDC.MULTI_BIT.FOR_IN_cdc_to[8].CROSS2_PLEVEL_IN2SCNDRY_IN_cdc_to/D
                            (rising edge-triggered cell FDRE clocked by clk_fpga_0  {rise@0.000ns fall@10.000ns period=20.000ns})
  Path Group:             (none)
  Path Type:              Setup (Max at Slow Process Corner)
  Data Path Delay:        1.033ns  (logic 0.456ns (44.135%)  route 0.577ns (55.865%))
  Logic Levels:           0  
  Clock Path Skew:        -0.288ns (DCD - SCD + CPR)
    Destination Clock Delay (DCD):    2.654ns
    Source Clock Delay      (SCD):    2.942ns
    Clock Pessimism Removal (CPR):    0.000ns
  Clock Uncertainty:      0.302ns  ((TSJ^2 + TIJ^2)^1/2 + DJ) / 2 + PE
    Total System Jitter     (TSJ):    0.071ns
    Total Input Jitter      (TIJ):    0.600ns
    Discrete Jitter          (DJ):    0.000ns
    Phase Error              (PE):    0.000ns
  Timing Exception:       False Path

    Location             Delay type                Incr(ns)  Path(ns)    Netlist Resource(s)
  -------------------------------------------------------------------    -------------------
                         (clock clk_fpga_0 rise edge)
                                                      0.000     0.000 r  
    PS7_X0Y0             PS7                          0.000     0.000 r  design_alu_i/processing_system7_0/inst/PS7_i/FCLKCLK[0]
                         net (fo=1, routed)           1.193     1.193    design_alu_i/processing_system7_0/inst/FCLK_CLK_unbuffered[0]
    BUFGCTRL_X0Y16       BUFG (Prop_bufg_I_O)         0.101     1.294 r  design_alu_i/processing_system7_0/inst/buffer_fclk_clk_0.FCLK_CLK_0_BUFG/O
                         net (fo=1197, routed)        1.648     2.942    design_alu_i/ALU_0/inst/clk
    SLICE_X41Y88         FDCE                                         r  design_alu_i/ALU_0/inst/result_reg_reg[8]/C
  -------------------------------------------------------------------    -------------------
    SLICE_X41Y88         FDCE (Prop_fdce_C_Q)         0.456     3.398 r  design_alu_i/ALU_0/inst/result_reg_reg[8]/Q
                         net (fo=1, routed)           0.577     3.975    design_alu_i/axi_gpio_RESULT/U0/gpio_core_1/Not_Dual.INPUT_DOUBLE_REGS3/gpio_io_i[8]
    SLICE_X39Y87         FDRE                                         r  design_alu_i/axi_gpio_RESULT/U0/gpio_core_1/Not_Dual.INPUT_DOUBLE_REGS3/GENERATE_LEVEL_P_S_CDC.MULTI_BIT.FOR_IN_cdc_to[8].CROSS2_PLEVEL_IN2SCNDRY_IN_cdc_to/D
  -------------------------------------------------------------------    -------------------

                         (clock clk_fpga_0 rise edge)
                                                      0.000     0.000 r  
    PS7_X0Y0             PS7                          0.000     0.000 r  design_alu_i/processing_system7_0/inst/PS7_i/FCLKCLK[0]
                         net (fo=1, routed)           1.088     1.088    design_alu_i/processing_system7_0/inst/FCLK_CLK_unbuffered[0]
    BUFGCTRL_X0Y16       BUFG (Prop_bufg_I_O)         0.091     1.179 r  design_alu_i/processing_system7_0/inst/buffer_fclk_clk_0.FCLK_CLK_0_BUFG/O
                         net (fo=1197, routed)        1.475     2.654    design_alu_i/axi_gpio_RESULT/U0/gpio_core_1/Not_Dual.INPUT_DOUBLE_REGS3/s_axi_aclk
    SLICE_X39Y87         FDRE                                         r  design_alu_i/axi_gpio_RESULT/U0/gpio_core_1/Not_Dual.INPUT_DOUBLE_REGS3/GENERATE_LEVEL_P_S_CDC.MULTI_BIT.FOR_IN_cdc_to[8].CROSS2_PLEVEL_IN2SCNDRY_IN_cdc_to/C

Slack:                    inf
  Source:                 design_alu_i/ALU_0/inst/result_reg_reg[9]/C
                            (rising edge-triggered cell FDCE clocked by clk_fpga_0  {rise@0.000ns fall@10.000ns period=20.000ns})
  Destination:            design_alu_i/axi_gpio_RESULT/U0/gpio_core_1/Not_Dual.INPUT_DOUBLE_REGS3/GENERATE_LEVEL_P_S_CDC.MULTI_BIT.FOR_IN_cdc_to[9].CROSS2_PLEVEL_IN2SCNDRY_IN_cdc_to/D
                            (rising edge-triggered cell FDRE clocked by clk_fpga_0  {rise@0.000ns fall@10.000ns period=20.000ns})
  Path Group:             (none)
  Path Type:              Setup (Max at Slow Process Corner)
  Data Path Delay:        1.031ns  (logic 0.456ns (44.218%)  route 0.575ns (55.782%))
  Logic Levels:           0  
  Clock Path Skew:        -0.288ns (DCD - SCD + CPR)
    Destination Clock Delay (DCD):    2.655ns
    Source Clock Delay      (SCD):    2.943ns
    Clock Pessimism Removal (CPR):    0.000ns
  Clock Uncertainty:      0.302ns  ((TSJ^2 + TIJ^2)^1/2 + DJ) / 2 + PE
    Total System Jitter     (TSJ):    0.071ns
    Total Input Jitter      (TIJ):    0.600ns
    Discrete Jitter          (DJ):    0.000ns
    Phase Error              (PE):    0.000ns
  Timing Exception:       False Path

    Location             Delay type                Incr(ns)  Path(ns)    Netlist Resource(s)
  -------------------------------------------------------------------    -------------------
                         (clock clk_fpga_0 rise edge)
                                                      0.000     0.000 r  
    PS7_X0Y0             PS7                          0.000     0.000 r  design_alu_i/processing_system7_0/inst/PS7_i/FCLKCLK[0]
                         net (fo=1, routed)           1.193     1.193    design_alu_i/processing_system7_0/inst/FCLK_CLK_unbuffered[0]
    BUFGCTRL_X0Y16       BUFG (Prop_bufg_I_O)         0.101     1.294 r  design_alu_i/processing_system7_0/inst/buffer_fclk_clk_0.FCLK_CLK_0_BUFG/O
                         net (fo=1197, routed)        1.649     2.943    design_alu_i/ALU_0/inst/clk
    SLICE_X40Y89         FDCE                                         r  design_alu_i/ALU_0/inst/result_reg_reg[9]/C
  -------------------------------------------------------------------    -------------------
    SLICE_X40Y89         FDCE (Prop_fdce_C_Q)         0.456     3.399 r  design_alu_i/ALU_0/inst/result_reg_reg[9]/Q
                         net (fo=1, routed)           0.575     3.974    design_alu_i/axi_gpio_RESULT/U0/gpio_core_1/Not_Dual.INPUT_DOUBLE_REGS3/gpio_io_i[9]
    SLICE_X37Y88         FDRE                                         r  design_alu_i/axi_gpio_RESULT/U0/gpio_core_1/Not_Dual.INPUT_DOUBLE_REGS3/GENERATE_LEVEL_P_S_CDC.MULTI_BIT.FOR_IN_cdc_to[9].CROSS2_PLEVEL_IN2SCNDRY_IN_cdc_to/D
  -------------------------------------------------------------------    -------------------

                         (clock clk_fpga_0 rise edge)
                                                      0.000     0.000 r  
    PS7_X0Y0             PS7                          0.000     0.000 r  design_alu_i/processing_system7_0/inst/PS7_i/FCLKCLK[0]
                         net (fo=1, routed)           1.088     1.088    design_alu_i/processing_system7_0/inst/FCLK_CLK_unbuffered[0]
    BUFGCTRL_X0Y16       BUFG (Prop_bufg_I_O)         0.091     1.179 r  design_alu_i/processing_system7_0/inst/buffer_fclk_clk_0.FCLK_CLK_0_BUFG/O
                         net (fo=1197, routed)        1.476     2.655    design_alu_i/axi_gpio_RESULT/U0/gpio_core_1/Not_Dual.INPUT_DOUBLE_REGS3/s_axi_aclk
    SLICE_X37Y88         FDRE                                         r  design_alu_i/axi_gpio_RESULT/U0/gpio_core_1/Not_Dual.INPUT_DOUBLE_REGS3/GENERATE_LEVEL_P_S_CDC.MULTI_BIT.FOR_IN_cdc_to[9].CROSS2_PLEVEL_IN2SCNDRY_IN_cdc_to/C

Slack:                    inf
  Source:                 design_alu_i/ALU_0/inst/result_reg_reg[13]/C
                            (rising edge-triggered cell FDCE clocked by clk_fpga_0  {rise@0.000ns fall@10.000ns period=20.000ns})
  Destination:            design_alu_i/axi_gpio_RESULT/U0/gpio_core_1/Not_Dual.INPUT_DOUBLE_REGS3/GENERATE_LEVEL_P_S_CDC.MULTI_BIT.FOR_IN_cdc_to[13].CROSS2_PLEVEL_IN2SCNDRY_IN_cdc_to/D
                            (rising edge-triggered cell FDRE clocked by clk_fpga_0  {rise@0.000ns fall@10.000ns period=20.000ns})
  Path Group:             (none)
  Path Type:              Setup (Max at Slow Process Corner)
  Data Path Delay:        0.971ns  (logic 0.518ns (53.343%)  route 0.453ns (46.657%))
  Logic Levels:           0  
  Clock Path Skew:        -0.287ns (DCD - SCD + CPR)
    Destination Clock Delay (DCD):    2.657ns
    Source Clock Delay      (SCD):    2.944ns
    Clock Pessimism Removal (CPR):    0.000ns
  Clock Uncertainty:      0.302ns  ((TSJ^2 + TIJ^2)^1/2 + DJ) / 2 + PE
    Total System Jitter     (TSJ):    0.071ns
    Total Input Jitter      (TIJ):    0.600ns
    Discrete Jitter          (DJ):    0.000ns
    Phase Error              (PE):    0.000ns
  Timing Exception:       False Path

    Location             Delay type                Incr(ns)  Path(ns)    Netlist Resource(s)
  -------------------------------------------------------------------    -------------------
                         (clock clk_fpga_0 rise edge)
                                                      0.000     0.000 r  
    PS7_X0Y0             PS7                          0.000     0.000 r  design_alu_i/processing_system7_0/inst/PS7_i/FCLKCLK[0]
                         net (fo=1, routed)           1.193     1.193    design_alu_i/processing_system7_0/inst/FCLK_CLK_unbuffered[0]
    BUFGCTRL_X0Y16       BUFG (Prop_bufg_I_O)         0.101     1.294 r  design_alu_i/processing_system7_0/inst/buffer_fclk_clk_0.FCLK_CLK_0_BUFG/O
                         net (fo=1197, routed)        1.650     2.944    design_alu_i/ALU_0/inst/clk
    SLICE_X38Y90         FDCE                                         r  design_alu_i/ALU_0/inst/result_reg_reg[13]/C
  -------------------------------------------------------------------    -------------------
    SLICE_X38Y90         FDCE (Prop_fdce_C_Q)         0.518     3.462 r  design_alu_i/ALU_0/inst/result_reg_reg[13]/Q
                         net (fo=1, routed)           0.453     3.915    design_alu_i/axi_gpio_RESULT/U0/gpio_core_1/Not_Dual.INPUT_DOUBLE_REGS3/gpio_io_i[13]
    SLICE_X35Y90         FDRE                                         r  design_alu_i/axi_gpio_RESULT/U0/gpio_core_1/Not_Dual.INPUT_DOUBLE_REGS3/GENERATE_LEVEL_P_S_CDC.MULTI_BIT.FOR_IN_cdc_to[13].CROSS2_PLEVEL_IN2SCNDRY_IN_cdc_to/D
  -------------------------------------------------------------------    -------------------

                         (clock clk_fpga_0 rise edge)
                                                      0.000     0.000 r  
    PS7_X0Y0             PS7                          0.000     0.000 r  design_alu_i/processing_system7_0/inst/PS7_i/FCLKCLK[0]
                         net (fo=1, routed)           1.088     1.088    design_alu_i/processing_system7_0/inst/FCLK_CLK_unbuffered[0]
    BUFGCTRL_X0Y16       BUFG (Prop_bufg_I_O)         0.091     1.179 r  design_alu_i/processing_system7_0/inst/buffer_fclk_clk_0.FCLK_CLK_0_BUFG/O
                         net (fo=1197, routed)        1.478     2.657    design_alu_i/axi_gpio_RESULT/U0/gpio_core_1/Not_Dual.INPUT_DOUBLE_REGS3/s_axi_aclk
    SLICE_X35Y90         FDRE                                         r  design_alu_i/axi_gpio_RESULT/U0/gpio_core_1/Not_Dual.INPUT_DOUBLE_REGS3/GENERATE_LEVEL_P_S_CDC.MULTI_BIT.FOR_IN_cdc_to[13].CROSS2_PLEVEL_IN2SCNDRY_IN_cdc_to/C

Slack:                    inf
  Source:                 design_alu_i/ALU_0/inst/result_reg_reg[6]/C
                            (rising edge-triggered cell FDCE clocked by clk_fpga_0  {rise@0.000ns fall@10.000ns period=20.000ns})
  Destination:            design_alu_i/axi_gpio_RESULT/U0/gpio_core_1/Not_Dual.INPUT_DOUBLE_REGS3/GENERATE_LEVEL_P_S_CDC.MULTI_BIT.FOR_IN_cdc_to[6].CROSS2_PLEVEL_IN2SCNDRY_IN_cdc_to/D
                            (rising edge-triggered cell FDRE clocked by clk_fpga_0  {rise@0.000ns fall@10.000ns period=20.000ns})
  Path Group:             (none)
  Path Type:              Setup (Max at Slow Process Corner)
  Data Path Delay:        0.962ns  (logic 0.518ns (53.822%)  route 0.444ns (46.178%))
  Logic Levels:           0  
  Clock Path Skew:        -0.287ns (DCD - SCD + CPR)
    Destination Clock Delay (DCD):    2.654ns
    Source Clock Delay      (SCD):    2.941ns
    Clock Pessimism Removal (CPR):    0.000ns
  Clock Uncertainty:      0.302ns  ((TSJ^2 + TIJ^2)^1/2 + DJ) / 2 + PE
    Total System Jitter     (TSJ):    0.071ns
    Total Input Jitter      (TIJ):    0.600ns
    Discrete Jitter          (DJ):    0.000ns
    Phase Error              (PE):    0.000ns
  Timing Exception:       False Path

    Location             Delay type                Incr(ns)  Path(ns)    Netlist Resource(s)
  -------------------------------------------------------------------    -------------------
                         (clock clk_fpga_0 rise edge)
                                                      0.000     0.000 r  
    PS7_X0Y0             PS7                          0.000     0.000 r  design_alu_i/processing_system7_0/inst/PS7_i/FCLKCLK[0]
                         net (fo=1, routed)           1.193     1.193    design_alu_i/processing_system7_0/inst/FCLK_CLK_unbuffered[0]
    BUFGCTRL_X0Y16       BUFG (Prop_bufg_I_O)         0.101     1.294 r  design_alu_i/processing_system7_0/inst/buffer_fclk_clk_0.FCLK_CLK_0_BUFG/O
                         net (fo=1197, routed)        1.647     2.941    design_alu_i/ALU_0/inst/clk
    SLICE_X42Y87         FDCE                                         r  design_alu_i/ALU_0/inst/result_reg_reg[6]/C
  -------------------------------------------------------------------    -------------------
    SLICE_X42Y87         FDCE (Prop_fdce_C_Q)         0.518     3.459 r  design_alu_i/ALU_0/inst/result_reg_reg[6]/Q
                         net (fo=1, routed)           0.444     3.903    design_alu_i/axi_gpio_RESULT/U0/gpio_core_1/Not_Dual.INPUT_DOUBLE_REGS3/gpio_io_i[6]
    SLICE_X38Y87         FDRE                                         r  design_alu_i/axi_gpio_RESULT/U0/gpio_core_1/Not_Dual.INPUT_DOUBLE_REGS3/GENERATE_LEVEL_P_S_CDC.MULTI_BIT.FOR_IN_cdc_to[6].CROSS2_PLEVEL_IN2SCNDRY_IN_cdc_to/D
  -------------------------------------------------------------------    -------------------

                         (clock clk_fpga_0 rise edge)
                                                      0.000     0.000 r  
    PS7_X0Y0             PS7                          0.000     0.000 r  design_alu_i/processing_system7_0/inst/PS7_i/FCLKCLK[0]
                         net (fo=1, routed)           1.088     1.088    design_alu_i/processing_system7_0/inst/FCLK_CLK_unbuffered[0]
    BUFGCTRL_X0Y16       BUFG (Prop_bufg_I_O)         0.091     1.179 r  design_alu_i/processing_system7_0/inst/buffer_fclk_clk_0.FCLK_CLK_0_BUFG/O
                         net (fo=1197, routed)        1.475     2.654    design_alu_i/axi_gpio_RESULT/U0/gpio_core_1/Not_Dual.INPUT_DOUBLE_REGS3/s_axi_aclk
    SLICE_X38Y87         FDRE                                         r  design_alu_i/axi_gpio_RESULT/U0/gpio_core_1/Not_Dual.INPUT_DOUBLE_REGS3/GENERATE_LEVEL_P_S_CDC.MULTI_BIT.FOR_IN_cdc_to[6].CROSS2_PLEVEL_IN2SCNDRY_IN_cdc_to/C





Min Delay Paths
--------------------------------------------------------------------------------------
Slack:                    inf
  Source:                 design_alu_i/ALU_0/inst/status_out_reg[1]/C
                            (rising edge-triggered cell FDRE clocked by clk_fpga_0  {rise@0.000ns fall@10.000ns period=20.000ns})
  Destination:            design_alu_i/axi_gpio_io/U0/gpio_core_1/Not_Dual.INPUT_DOUBLE_REGS3/GENERATE_LEVEL_P_S_CDC.MULTI_BIT.FOR_IN_cdc_to[1].CROSS2_PLEVEL_IN2SCNDRY_IN_cdc_to/D
                            (rising edge-triggered cell FDRE clocked by clk_fpga_0  {rise@0.000ns fall@10.000ns period=20.000ns})
  Path Group:             (none)
  Path Type:              Hold (Min at Fast Process Corner)
  Data Path Delay:        0.274ns  (logic 0.164ns (59.816%)  route 0.110ns (40.184%))
  Logic Levels:           0  
  Clock Path Skew:        0.295ns (DCD - SCD - CPR)
    Destination Clock Delay (DCD):    1.181ns
    Source Clock Delay      (SCD):    0.886ns
    Clock Pessimism Removal (CPR):    -0.000ns
  Clock Uncertainty:      0.302ns  ((TSJ^2 + TIJ^2)^1/2 + DJ) / 2 + PE
    Total System Jitter     (TSJ):    0.071ns
    Total Input Jitter      (TIJ):    0.600ns
    Discrete Jitter          (DJ):    0.000ns
    Phase Error              (PE):    0.000ns
  Timing Exception:       False Path

    Location             Delay type                Incr(ns)  Path(ns)    Netlist Resource(s)
  -------------------------------------------------------------------    -------------------
                         (clock clk_fpga_0 rise edge)
                                                      0.000     0.000 r  
    PS7_X0Y0             PS7                          0.000     0.000 r  design_alu_i/processing_system7_0/inst/PS7_i/FCLKCLK[0]
                         net (fo=1, routed)           0.310     0.310    design_alu_i/processing_system7_0/inst/FCLK_CLK_unbuffered[0]
    BUFGCTRL_X0Y16       BUFG (Prop_bufg_I_O)         0.026     0.336 r  design_alu_i/processing_system7_0/inst/buffer_fclk_clk_0.FCLK_CLK_0_BUFG/O
                         net (fo=1197, routed)        0.550     0.886    design_alu_i/ALU_0/inst/clk
    SLICE_X46Y82         FDRE                                         r  design_alu_i/ALU_0/inst/status_out_reg[1]/C
  -------------------------------------------------------------------    -------------------
    SLICE_X46Y82         FDRE (Prop_fdre_C_Q)         0.164     1.050 r  design_alu_i/ALU_0/inst/status_out_reg[1]/Q
                         net (fo=1, routed)           0.110     1.160    design_alu_i/axi_gpio_io/U0/gpio_core_1/Not_Dual.INPUT_DOUBLE_REGS3/gpio_io_i[1]
    SLICE_X46Y81         FDRE                                         r  design_alu_i/axi_gpio_io/U0/gpio_core_1/Not_Dual.INPUT_DOUBLE_REGS3/GENERATE_LEVEL_P_S_CDC.MULTI_BIT.FOR_IN_cdc_to[1].CROSS2_PLEVEL_IN2SCNDRY_IN_cdc_to/D
  -------------------------------------------------------------------    -------------------

                         (clock clk_fpga_0 rise edge)
                                                      0.000     0.000 r  
    PS7_X0Y0             PS7                          0.000     0.000 r  design_alu_i/processing_system7_0/inst/PS7_i/FCLKCLK[0]
                         net (fo=1, routed)           0.337     0.337    design_alu_i/processing_system7_0/inst/FCLK_CLK_unbuffered[0]
    BUFGCTRL_X0Y16       BUFG (Prop_bufg_I_O)         0.029     0.366 r  design_alu_i/processing_system7_0/inst/buffer_fclk_clk_0.FCLK_CLK_0_BUFG/O
                         net (fo=1197, routed)        0.815     1.181    design_alu_i/axi_gpio_io/U0/gpio_core_1/Not_Dual.INPUT_DOUBLE_REGS3/s_axi_aclk
    SLICE_X46Y81         FDRE                                         r  design_alu_i/axi_gpio_io/U0/gpio_core_1/Not_Dual.INPUT_DOUBLE_REGS3/GENERATE_LEVEL_P_S_CDC.MULTI_BIT.FOR_IN_cdc_to[1].CROSS2_PLEVEL_IN2SCNDRY_IN_cdc_to/C

Slack:                    inf
  Source:                 design_alu_i/ALU_0/inst/result_reg_reg[15]/C
                            (rising edge-triggered cell FDCE clocked by clk_fpga_0  {rise@0.000ns fall@10.000ns period=20.000ns})
  Destination:            design_alu_i/axi_gpio_RESULT/U0/gpio_core_1/Not_Dual.INPUT_DOUBLE_REGS3/GENERATE_LEVEL_P_S_CDC.MULTI_BIT.FOR_IN_cdc_to[15].CROSS2_PLEVEL_IN2SCNDRY_IN_cdc_to/D
                            (rising edge-triggered cell FDRE clocked by clk_fpga_0  {rise@0.000ns fall@10.000ns period=20.000ns})
  Path Group:             (none)
  Path Type:              Hold (Min at Fast Process Corner)
  Data Path Delay:        0.296ns  (logic 0.141ns (47.708%)  route 0.155ns (52.292%))
  Logic Levels:           0  
  Clock Path Skew:        0.298ns (DCD - SCD - CPR)
    Destination Clock Delay (DCD):    1.189ns
    Source Clock Delay      (SCD):    0.891ns
    Clock Pessimism Removal (CPR):    -0.000ns
  Clock Uncertainty:      0.302ns  ((TSJ^2 + TIJ^2)^1/2 + DJ) / 2 + PE
    Total System Jitter     (TSJ):    0.071ns
    Total Input Jitter      (TIJ):    0.600ns
    Discrete Jitter          (DJ):    0.000ns
    Phase Error              (PE):    0.000ns
  Timing Exception:       False Path

    Location             Delay type                Incr(ns)  Path(ns)    Netlist Resource(s)
  -------------------------------------------------------------------    -------------------
                         (clock clk_fpga_0 rise edge)
                                                      0.000     0.000 r  
    PS7_X0Y0             PS7                          0.000     0.000 r  design_alu_i/processing_system7_0/inst/PS7_i/FCLKCLK[0]
                         net (fo=1, routed)           0.310     0.310    design_alu_i/processing_system7_0/inst/FCLK_CLK_unbuffered[0]
    BUFGCTRL_X0Y16       BUFG (Prop_bufg_I_O)         0.026     0.336 r  design_alu_i/processing_system7_0/inst/buffer_fclk_clk_0.FCLK_CLK_0_BUFG/O
                         net (fo=1197, routed)        0.555     0.891    design_alu_i/ALU_0/inst/clk
    SLICE_X41Y92         FDCE                                         r  design_alu_i/ALU_0/inst/result_reg_reg[15]/C
  -------------------------------------------------------------------    -------------------
    SLICE_X41Y92         FDCE (Prop_fdce_C_Q)         0.141     1.032 r  design_alu_i/ALU_0/inst/result_reg_reg[15]/Q
                         net (fo=1, routed)           0.155     1.186    design_alu_i/axi_gpio_RESULT/U0/gpio_core_1/Not_Dual.INPUT_DOUBLE_REGS3/gpio_io_i[15]
    SLICE_X37Y92         FDRE                                         r  design_alu_i/axi_gpio_RESULT/U0/gpio_core_1/Not_Dual.INPUT_DOUBLE_REGS3/GENERATE_LEVEL_P_S_CDC.MULTI_BIT.FOR_IN_cdc_to[15].CROSS2_PLEVEL_IN2SCNDRY_IN_cdc_to/D
  -------------------------------------------------------------------    -------------------

                         (clock clk_fpga_0 rise edge)
                                                      0.000     0.000 r  
    PS7_X0Y0             PS7                          0.000     0.000 r  design_alu_i/processing_system7_0/inst/PS7_i/FCLKCLK[0]
                         net (fo=1, routed)           0.337     0.337    design_alu_i/processing_system7_0/inst/FCLK_CLK_unbuffered[0]
    BUFGCTRL_X0Y16       BUFG (Prop_bufg_I_O)         0.029     0.366 r  design_alu_i/processing_system7_0/inst/buffer_fclk_clk_0.FCLK_CLK_0_BUFG/O
                         net (fo=1197, routed)        0.823     1.189    design_alu_i/axi_gpio_RESULT/U0/gpio_core_1/Not_Dual.INPUT_DOUBLE_REGS3/s_axi_aclk
    SLICE_X37Y92         FDRE                                         r  design_alu_i/axi_gpio_RESULT/U0/gpio_core_1/Not_Dual.INPUT_DOUBLE_REGS3/GENERATE_LEVEL_P_S_CDC.MULTI_BIT.FOR_IN_cdc_to[15].CROSS2_PLEVEL_IN2SCNDRY_IN_cdc_to/C

Slack:                    inf
  Source:                 design_alu_i/ALU_0/inst/result_reg_reg[5]/C
                            (rising edge-triggered cell FDCE clocked by clk_fpga_0  {rise@0.000ns fall@10.000ns period=20.000ns})
  Destination:            design_alu_i/axi_gpio_RESULT/U0/gpio_core_1/Not_Dual.INPUT_DOUBLE_REGS3/GENERATE_LEVEL_P_S_CDC.MULTI_BIT.FOR_IN_cdc_to[5].CROSS2_PLEVEL_IN2SCNDRY_IN_cdc_to/D
                            (rising edge-triggered cell FDRE clocked by clk_fpga_0  {rise@0.000ns fall@10.000ns period=20.000ns})
  Path Group:             (none)
  Path Type:              Hold (Min at Fast Process Corner)
  Data Path Delay:        0.298ns  (logic 0.141ns (47.267%)  route 0.157ns (52.733%))
  Logic Levels:           0  
  Clock Path Skew:        0.297ns (DCD - SCD - CPR)
    Destination Clock Delay (DCD):    1.186ns
    Source Clock Delay      (SCD):    0.889ns
    Clock Pessimism Removal (CPR):    -0.000ns
  Clock Uncertainty:      0.302ns  ((TSJ^2 + TIJ^2)^1/2 + DJ) / 2 + PE
    Total System Jitter     (TSJ):    0.071ns
    Total Input Jitter      (TIJ):    0.600ns
    Discrete Jitter          (DJ):    0.000ns
    Phase Error              (PE):    0.000ns
  Timing Exception:       False Path

    Location             Delay type                Incr(ns)  Path(ns)    Netlist Resource(s)
  -------------------------------------------------------------------    -------------------
                         (clock clk_fpga_0 rise edge)
                                                      0.000     0.000 r  
    PS7_X0Y0             PS7                          0.000     0.000 r  design_alu_i/processing_system7_0/inst/PS7_i/FCLKCLK[0]
                         net (fo=1, routed)           0.310     0.310    design_alu_i/processing_system7_0/inst/FCLK_CLK_unbuffered[0]
    BUFGCTRL_X0Y16       BUFG (Prop_bufg_I_O)         0.026     0.336 r  design_alu_i/processing_system7_0/inst/buffer_fclk_clk_0.FCLK_CLK_0_BUFG/O
                         net (fo=1197, routed)        0.553     0.889    design_alu_i/ALU_0/inst/clk
    SLICE_X43Y87         FDCE                                         r  design_alu_i/ALU_0/inst/result_reg_reg[5]/C
  -------------------------------------------------------------------    -------------------
    SLICE_X43Y87         FDCE (Prop_fdce_C_Q)         0.141     1.030 r  design_alu_i/ALU_0/inst/result_reg_reg[5]/Q
                         net (fo=1, routed)           0.157     1.187    design_alu_i/axi_gpio_RESULT/U0/gpio_core_1/Not_Dual.INPUT_DOUBLE_REGS3/gpio_io_i[5]
    SLICE_X37Y87         FDRE                                         r  design_alu_i/axi_gpio_RESULT/U0/gpio_core_1/Not_Dual.INPUT_DOUBLE_REGS3/GENERATE_LEVEL_P_S_CDC.MULTI_BIT.FOR_IN_cdc_to[5].CROSS2_PLEVEL_IN2SCNDRY_IN_cdc_to/D
  -------------------------------------------------------------------    -------------------

                         (clock clk_fpga_0 rise edge)
                                                      0.000     0.000 r  
    PS7_X0Y0             PS7                          0.000     0.000 r  design_alu_i/processing_system7_0/inst/PS7_i/FCLKCLK[0]
                         net (fo=1, routed)           0.337     0.337    design_alu_i/processing_system7_0/inst/FCLK_CLK_unbuffered[0]
    BUFGCTRL_X0Y16       BUFG (Prop_bufg_I_O)         0.029     0.366 r  design_alu_i/processing_system7_0/inst/buffer_fclk_clk_0.FCLK_CLK_0_BUFG/O
                         net (fo=1197, routed)        0.820     1.186    design_alu_i/axi_gpio_RESULT/U0/gpio_core_1/Not_Dual.INPUT_DOUBLE_REGS3/s_axi_aclk
    SLICE_X37Y87         FDRE                                         r  design_alu_i/axi_gpio_RESULT/U0/gpio_core_1/Not_Dual.INPUT_DOUBLE_REGS3/GENERATE_LEVEL_P_S_CDC.MULTI_BIT.FOR_IN_cdc_to[5].CROSS2_PLEVEL_IN2SCNDRY_IN_cdc_to/C

Slack:                    inf
  Source:                 design_alu_i/ALU_0/inst/result_reg_reg[11]/C
                            (rising edge-triggered cell FDCE clocked by clk_fpga_0  {rise@0.000ns fall@10.000ns period=20.000ns})
  Destination:            design_alu_i/axi_gpio_RESULT/U0/gpio_core_1/Not_Dual.INPUT_DOUBLE_REGS3/GENERATE_LEVEL_P_S_CDC.MULTI_BIT.FOR_IN_cdc_to[11].CROSS2_PLEVEL_IN2SCNDRY_IN_cdc_to/D
                            (rising edge-triggered cell FDRE clocked by clk_fpga_0  {rise@0.000ns fall@10.000ns period=20.000ns})
  Path Group:             (none)
  Path Type:              Hold (Min at Fast Process Corner)
  Data Path Delay:        0.298ns  (logic 0.141ns (47.351%)  route 0.157ns (52.649%))
  Logic Levels:           0  
  Clock Path Skew:        0.298ns (DCD - SCD - CPR)
    Destination Clock Delay (DCD):    1.189ns
    Source Clock Delay      (SCD):    0.891ns
    Clock Pessimism Removal (CPR):    -0.000ns
  Clock Uncertainty:      0.302ns  ((TSJ^2 + TIJ^2)^1/2 + DJ) / 2 + PE
    Total System Jitter     (TSJ):    0.071ns
    Total Input Jitter      (TIJ):    0.600ns
    Discrete Jitter          (DJ):    0.000ns
    Phase Error              (PE):    0.000ns
  Timing Exception:       False Path

    Location             Delay type                Incr(ns)  Path(ns)    Netlist Resource(s)
  -------------------------------------------------------------------    -------------------
                         (clock clk_fpga_0 rise edge)
                                                      0.000     0.000 r  
    PS7_X0Y0             PS7                          0.000     0.000 r  design_alu_i/processing_system7_0/inst/PS7_i/FCLKCLK[0]
                         net (fo=1, routed)           0.310     0.310    design_alu_i/processing_system7_0/inst/FCLK_CLK_unbuffered[0]
    BUFGCTRL_X0Y16       BUFG (Prop_bufg_I_O)         0.026     0.336 r  design_alu_i/processing_system7_0/inst/buffer_fclk_clk_0.FCLK_CLK_0_BUFG/O
                         net (fo=1197, routed)        0.555     0.891    design_alu_i/ALU_0/inst/clk
    SLICE_X40Y90         FDCE                                         r  design_alu_i/ALU_0/inst/result_reg_reg[11]/C
  -------------------------------------------------------------------    -------------------
    SLICE_X40Y90         FDCE (Prop_fdce_C_Q)         0.141     1.032 r  design_alu_i/ALU_0/inst/result_reg_reg[11]/Q
                         net (fo=1, routed)           0.157     1.188    design_alu_i/axi_gpio_RESULT/U0/gpio_core_1/Not_Dual.INPUT_DOUBLE_REGS3/gpio_io_i[11]
    SLICE_X37Y90         FDRE                                         r  design_alu_i/axi_gpio_RESULT/U0/gpio_core_1/Not_Dual.INPUT_DOUBLE_REGS3/GENERATE_LEVEL_P_S_CDC.MULTI_BIT.FOR_IN_cdc_to[11].CROSS2_PLEVEL_IN2SCNDRY_IN_cdc_to/D
  -------------------------------------------------------------------    -------------------

                         (clock clk_fpga_0 rise edge)
                                                      0.000     0.000 r  
    PS7_X0Y0             PS7                          0.000     0.000 r  design_alu_i/processing_system7_0/inst/PS7_i/FCLKCLK[0]
                         net (fo=1, routed)           0.337     0.337    design_alu_i/processing_system7_0/inst/FCLK_CLK_unbuffered[0]
    BUFGCTRL_X0Y16       BUFG (Prop_bufg_I_O)         0.029     0.366 r  design_alu_i/processing_system7_0/inst/buffer_fclk_clk_0.FCLK_CLK_0_BUFG/O
                         net (fo=1197, routed)        0.823     1.189    design_alu_i/axi_gpio_RESULT/U0/gpio_core_1/Not_Dual.INPUT_DOUBLE_REGS3/s_axi_aclk
    SLICE_X37Y90         FDRE                                         r  design_alu_i/axi_gpio_RESULT/U0/gpio_core_1/Not_Dual.INPUT_DOUBLE_REGS3/GENERATE_LEVEL_P_S_CDC.MULTI_BIT.FOR_IN_cdc_to[11].CROSS2_PLEVEL_IN2SCNDRY_IN_cdc_to/C

Slack:                    inf
  Source:                 design_alu_i/ALU_0/inst/result_reg_reg[2]/C
                            (rising edge-triggered cell FDCE clocked by clk_fpga_0  {rise@0.000ns fall@10.000ns period=20.000ns})
  Destination:            design_alu_i/axi_gpio_RESULT/U0/gpio_core_1/Not_Dual.INPUT_DOUBLE_REGS3/GENERATE_LEVEL_P_S_CDC.MULTI_BIT.FOR_IN_cdc_to[2].CROSS2_PLEVEL_IN2SCNDRY_IN_cdc_to/D
                            (rising edge-triggered cell FDRE clocked by clk_fpga_0  {rise@0.000ns fall@10.000ns period=20.000ns})
  Path Group:             (none)
  Path Type:              Hold (Min at Fast Process Corner)
  Data Path Delay:        0.306ns  (logic 0.141ns (46.084%)  route 0.165ns (53.916%))
  Logic Levels:           0  
  Clock Path Skew:        0.297ns (DCD - SCD - CPR)
    Destination Clock Delay (DCD):    1.184ns
    Source Clock Delay      (SCD):    0.887ns
    Clock Pessimism Removal (CPR):    -0.000ns
  Clock Uncertainty:      0.302ns  ((TSJ^2 + TIJ^2)^1/2 + DJ) / 2 + PE
    Total System Jitter     (TSJ):    0.071ns
    Total Input Jitter      (TIJ):    0.600ns
    Discrete Jitter          (DJ):    0.000ns
    Phase Error              (PE):    0.000ns
  Timing Exception:       False Path

    Location             Delay type                Incr(ns)  Path(ns)    Netlist Resource(s)
  -------------------------------------------------------------------    -------------------
                         (clock clk_fpga_0 rise edge)
                                                      0.000     0.000 r  
    PS7_X0Y0             PS7                          0.000     0.000 r  design_alu_i/processing_system7_0/inst/PS7_i/FCLKCLK[0]
                         net (fo=1, routed)           0.310     0.310    design_alu_i/processing_system7_0/inst/FCLK_CLK_unbuffered[0]
    BUFGCTRL_X0Y16       BUFG (Prop_bufg_I_O)         0.026     0.336 r  design_alu_i/processing_system7_0/inst/buffer_fclk_clk_0.FCLK_CLK_0_BUFG/O
                         net (fo=1197, routed)        0.551     0.887    design_alu_i/ALU_0/inst/clk
    SLICE_X44Y83         FDCE                                         r  design_alu_i/ALU_0/inst/result_reg_reg[2]/C
  -------------------------------------------------------------------    -------------------
    SLICE_X44Y83         FDCE (Prop_fdce_C_Q)         0.141     1.028 r  design_alu_i/ALU_0/inst/result_reg_reg[2]/Q
                         net (fo=1, routed)           0.165     1.193    design_alu_i/axi_gpio_RESULT/U0/gpio_core_1/Not_Dual.INPUT_DOUBLE_REGS3/gpio_io_i[2]
    SLICE_X40Y84         FDRE                                         r  design_alu_i/axi_gpio_RESULT/U0/gpio_core_1/Not_Dual.INPUT_DOUBLE_REGS3/GENERATE_LEVEL_P_S_CDC.MULTI_BIT.FOR_IN_cdc_to[2].CROSS2_PLEVEL_IN2SCNDRY_IN_cdc_to/D
  -------------------------------------------------------------------    -------------------

                         (clock clk_fpga_0 rise edge)
                                                      0.000     0.000 r  
    PS7_X0Y0             PS7                          0.000     0.000 r  design_alu_i/processing_system7_0/inst/PS7_i/FCLKCLK[0]
                         net (fo=1, routed)           0.337     0.337    design_alu_i/processing_system7_0/inst/FCLK_CLK_unbuffered[0]
    BUFGCTRL_X0Y16       BUFG (Prop_bufg_I_O)         0.029     0.366 r  design_alu_i/processing_system7_0/inst/buffer_fclk_clk_0.FCLK_CLK_0_BUFG/O
                         net (fo=1197, routed)        0.818     1.184    design_alu_i/axi_gpio_RESULT/U0/gpio_core_1/Not_Dual.INPUT_DOUBLE_REGS3/s_axi_aclk
    SLICE_X40Y84         FDRE                                         r  design_alu_i/axi_gpio_RESULT/U0/gpio_core_1/Not_Dual.INPUT_DOUBLE_REGS3/GENERATE_LEVEL_P_S_CDC.MULTI_BIT.FOR_IN_cdc_to[2].CROSS2_PLEVEL_IN2SCNDRY_IN_cdc_to/C

Slack:                    inf
  Source:                 design_alu_i/ALU_0/inst/result_reg_reg[7]/C
                            (rising edge-triggered cell FDCE clocked by clk_fpga_0  {rise@0.000ns fall@10.000ns period=20.000ns})
  Destination:            design_alu_i/axi_gpio_RESULT/U0/gpio_core_1/Not_Dual.INPUT_DOUBLE_REGS3/GENERATE_LEVEL_P_S_CDC.MULTI_BIT.FOR_IN_cdc_to[7].CROSS2_PLEVEL_IN2SCNDRY_IN_cdc_to/D
                            (rising edge-triggered cell FDRE clocked by clk_fpga_0  {rise@0.000ns fall@10.000ns period=20.000ns})
  Path Group:             (none)
  Path Type:              Hold (Min at Fast Process Corner)
  Data Path Delay:        0.303ns  (logic 0.141ns (46.488%)  route 0.162ns (53.512%))
  Logic Levels:           0  
  Clock Path Skew:        0.298ns (DCD - SCD - CPR)
    Destination Clock Delay (DCD):    1.188ns
    Source Clock Delay      (SCD):    0.890ns
    Clock Pessimism Removal (CPR):    -0.000ns
  Clock Uncertainty:      0.302ns  ((TSJ^2 + TIJ^2)^1/2 + DJ) / 2 + PE
    Total System Jitter     (TSJ):    0.071ns
    Total Input Jitter      (TIJ):    0.600ns
    Discrete Jitter          (DJ):    0.000ns
    Phase Error              (PE):    0.000ns
  Timing Exception:       False Path

    Location             Delay type                Incr(ns)  Path(ns)    Netlist Resource(s)
  -------------------------------------------------------------------    -------------------
                         (clock clk_fpga_0 rise edge)
                                                      0.000     0.000 r  
    PS7_X0Y0             PS7                          0.000     0.000 r  design_alu_i/processing_system7_0/inst/PS7_i/FCLKCLK[0]
                         net (fo=1, routed)           0.310     0.310    design_alu_i/processing_system7_0/inst/FCLK_CLK_unbuffered[0]
    BUFGCTRL_X0Y16       BUFG (Prop_bufg_I_O)         0.026     0.336 r  design_alu_i/processing_system7_0/inst/buffer_fclk_clk_0.FCLK_CLK_0_BUFG/O
                         net (fo=1197, routed)        0.554     0.890    design_alu_i/ALU_0/inst/clk
    SLICE_X41Y88         FDCE                                         r  design_alu_i/ALU_0/inst/result_reg_reg[7]/C
  -------------------------------------------------------------------    -------------------
    SLICE_X41Y88         FDCE (Prop_fdce_C_Q)         0.141     1.031 r  design_alu_i/ALU_0/inst/result_reg_reg[7]/Q
                         net (fo=1, routed)           0.162     1.193    design_alu_i/axi_gpio_RESULT/U0/gpio_core_1/Not_Dual.INPUT_DOUBLE_REGS3/gpio_io_i[7]
    SLICE_X38Y88         FDRE                                         r  design_alu_i/axi_gpio_RESULT/U0/gpio_core_1/Not_Dual.INPUT_DOUBLE_REGS3/GENERATE_LEVEL_P_S_CDC.MULTI_BIT.FOR_IN_cdc_to[7].CROSS2_PLEVEL_IN2SCNDRY_IN_cdc_to/D
  -------------------------------------------------------------------    -------------------

                         (clock clk_fpga_0 rise edge)
                                                      0.000     0.000 r  
    PS7_X0Y0             PS7                          0.000     0.000 r  design_alu_i/processing_system7_0/inst/PS7_i/FCLKCLK[0]
                         net (fo=1, routed)           0.337     0.337    design_alu_i/processing_system7_0/inst/FCLK_CLK_unbuffered[0]
    BUFGCTRL_X0Y16       BUFG (Prop_bufg_I_O)         0.029     0.366 r  design_alu_i/processing_system7_0/inst/buffer_fclk_clk_0.FCLK_CLK_0_BUFG/O
                         net (fo=1197, routed)        0.822     1.188    design_alu_i/axi_gpio_RESULT/U0/gpio_core_1/Not_Dual.INPUT_DOUBLE_REGS3/s_axi_aclk
    SLICE_X38Y88         FDRE                                         r  design_alu_i/axi_gpio_RESULT/U0/gpio_core_1/Not_Dual.INPUT_DOUBLE_REGS3/GENERATE_LEVEL_P_S_CDC.MULTI_BIT.FOR_IN_cdc_to[7].CROSS2_PLEVEL_IN2SCNDRY_IN_cdc_to/C

Slack:                    inf
  Source:                 design_alu_i/ALU_0/inst/result_reg_reg[0]/C
                            (rising edge-triggered cell FDCE clocked by clk_fpga_0  {rise@0.000ns fall@10.000ns period=20.000ns})
  Destination:            design_alu_i/axi_gpio_RESULT/U0/gpio_core_1/Not_Dual.INPUT_DOUBLE_REGS3/GENERATE_LEVEL_P_S_CDC.MULTI_BIT.FOR_IN_cdc_to[0].CROSS2_PLEVEL_IN2SCNDRY_IN_cdc_to/D
                            (rising edge-triggered cell FDRE clocked by clk_fpga_0  {rise@0.000ns fall@10.000ns period=20.000ns})
  Path Group:             (none)
  Path Type:              Hold (Min at Fast Process Corner)
  Data Path Delay:        0.310ns  (logic 0.141ns (45.534%)  route 0.169ns (54.466%))
  Logic Levels:           0  
  Clock Path Skew:        0.297ns (DCD - SCD - CPR)
    Destination Clock Delay (DCD):    1.183ns
    Source Clock Delay      (SCD):    0.886ns
    Clock Pessimism Removal (CPR):    -0.000ns
  Clock Uncertainty:      0.302ns  ((TSJ^2 + TIJ^2)^1/2 + DJ) / 2 + PE
    Total System Jitter     (TSJ):    0.071ns
    Total Input Jitter      (TIJ):    0.600ns
    Discrete Jitter          (DJ):    0.000ns
    Phase Error              (PE):    0.000ns
  Timing Exception:       False Path

    Location             Delay type                Incr(ns)  Path(ns)    Netlist Resource(s)
  -------------------------------------------------------------------    -------------------
                         (clock clk_fpga_0 rise edge)
                                                      0.000     0.000 r  
    PS7_X0Y0             PS7                          0.000     0.000 r  design_alu_i/processing_system7_0/inst/PS7_i/FCLKCLK[0]
                         net (fo=1, routed)           0.310     0.310    design_alu_i/processing_system7_0/inst/FCLK_CLK_unbuffered[0]
    BUFGCTRL_X0Y16       BUFG (Prop_bufg_I_O)         0.026     0.336 r  design_alu_i/processing_system7_0/inst/buffer_fclk_clk_0.FCLK_CLK_0_BUFG/O
                         net (fo=1197, routed)        0.550     0.886    design_alu_i/ALU_0/inst/clk
    SLICE_X40Y82         FDCE                                         r  design_alu_i/ALU_0/inst/result_reg_reg[0]/C
  -------------------------------------------------------------------    -------------------
    SLICE_X40Y82         FDCE (Prop_fdce_C_Q)         0.141     1.027 r  design_alu_i/ALU_0/inst/result_reg_reg[0]/Q
                         net (fo=1, routed)           0.169     1.195    design_alu_i/axi_gpio_RESULT/U0/gpio_core_1/Not_Dual.INPUT_DOUBLE_REGS3/gpio_io_i[0]
    SLICE_X39Y83         FDRE                                         r  design_alu_i/axi_gpio_RESULT/U0/gpio_core_1/Not_Dual.INPUT_DOUBLE_REGS3/GENERATE_LEVEL_P_S_CDC.MULTI_BIT.FOR_IN_cdc_to[0].CROSS2_PLEVEL_IN2SCNDRY_IN_cdc_to/D
  -------------------------------------------------------------------    -------------------

                         (clock clk_fpga_0 rise edge)
                                                      0.000     0.000 r  
    PS7_X0Y0             PS7                          0.000     0.000 r  design_alu_i/processing_system7_0/inst/PS7_i/FCLKCLK[0]
                         net (fo=1, routed)           0.337     0.337    design_alu_i/processing_system7_0/inst/FCLK_CLK_unbuffered[0]
    BUFGCTRL_X0Y16       BUFG (Prop_bufg_I_O)         0.029     0.366 r  design_alu_i/processing_system7_0/inst/buffer_fclk_clk_0.FCLK_CLK_0_BUFG/O
                         net (fo=1197, routed)        0.817     1.183    design_alu_i/axi_gpio_RESULT/U0/gpio_core_1/Not_Dual.INPUT_DOUBLE_REGS3/s_axi_aclk
    SLICE_X39Y83         FDRE                                         r  design_alu_i/axi_gpio_RESULT/U0/gpio_core_1/Not_Dual.INPUT_DOUBLE_REGS3/GENERATE_LEVEL_P_S_CDC.MULTI_BIT.FOR_IN_cdc_to[0].CROSS2_PLEVEL_IN2SCNDRY_IN_cdc_to/C

Slack:                    inf
  Source:                 design_alu_i/ALU_0/inst/result_reg_reg[12]/C
                            (rising edge-triggered cell FDCE clocked by clk_fpga_0  {rise@0.000ns fall@10.000ns period=20.000ns})
  Destination:            design_alu_i/axi_gpio_RESULT/U0/gpio_core_1/Not_Dual.INPUT_DOUBLE_REGS3/GENERATE_LEVEL_P_S_CDC.MULTI_BIT.FOR_IN_cdc_to[12].CROSS2_PLEVEL_IN2SCNDRY_IN_cdc_to/D
                            (rising edge-triggered cell FDRE clocked by clk_fpga_0  {rise@0.000ns fall@10.000ns period=20.000ns})
  Path Group:             (none)
  Path Type:              Hold (Min at Fast Process Corner)
  Data Path Delay:        0.317ns  (logic 0.141ns (44.500%)  route 0.176ns (55.500%))
  Logic Levels:           0  
  Clock Path Skew:        0.298ns (DCD - SCD - CPR)
    Destination Clock Delay (DCD):    1.189ns
    Source Clock Delay      (SCD):    0.891ns
    Clock Pessimism Removal (CPR):    -0.000ns
  Clock Uncertainty:      0.302ns  ((TSJ^2 + TIJ^2)^1/2 + DJ) / 2 + PE
    Total System Jitter     (TSJ):    0.071ns
    Total Input Jitter      (TIJ):    0.600ns
    Discrete Jitter          (DJ):    0.000ns
    Phase Error              (PE):    0.000ns
  Timing Exception:       False Path

    Location             Delay type                Incr(ns)  Path(ns)    Netlist Resource(s)
  -------------------------------------------------------------------    -------------------
                         (clock clk_fpga_0 rise edge)
                                                      0.000     0.000 r  
    PS7_X0Y0             PS7                          0.000     0.000 r  design_alu_i/processing_system7_0/inst/PS7_i/FCLKCLK[0]
                         net (fo=1, routed)           0.310     0.310    design_alu_i/processing_system7_0/inst/FCLK_CLK_unbuffered[0]
    BUFGCTRL_X0Y16       BUFG (Prop_bufg_I_O)         0.026     0.336 r  design_alu_i/processing_system7_0/inst/buffer_fclk_clk_0.FCLK_CLK_0_BUFG/O
                         net (fo=1197, routed)        0.555     0.891    design_alu_i/ALU_0/inst/clk
    SLICE_X40Y91         FDCE                                         r  design_alu_i/ALU_0/inst/result_reg_reg[12]/C
  -------------------------------------------------------------------    -------------------
    SLICE_X40Y91         FDCE (Prop_fdce_C_Q)         0.141     1.032 r  design_alu_i/ALU_0/inst/result_reg_reg[12]/Q
                         net (fo=1, routed)           0.176     1.207    design_alu_i/axi_gpio_RESULT/U0/gpio_core_1/Not_Dual.INPUT_DOUBLE_REGS3/gpio_io_i[12]
    SLICE_X36Y90         FDRE                                         r  design_alu_i/axi_gpio_RESULT/U0/gpio_core_1/Not_Dual.INPUT_DOUBLE_REGS3/GENERATE_LEVEL_P_S_CDC.MULTI_BIT.FOR_IN_cdc_to[12].CROSS2_PLEVEL_IN2SCNDRY_IN_cdc_to/D
  -------------------------------------------------------------------    -------------------

                         (clock clk_fpga_0 rise edge)
                                                      0.000     0.000 r  
    PS7_X0Y0             PS7                          0.000     0.000 r  design_alu_i/processing_system7_0/inst/PS7_i/FCLKCLK[0]
                         net (fo=1, routed)           0.337     0.337    design_alu_i/processing_system7_0/inst/FCLK_CLK_unbuffered[0]
    BUFGCTRL_X0Y16       BUFG (Prop_bufg_I_O)         0.029     0.366 r  design_alu_i/processing_system7_0/inst/buffer_fclk_clk_0.FCLK_CLK_0_BUFG/O
                         net (fo=1197, routed)        0.823     1.189    design_alu_i/axi_gpio_RESULT/U0/gpio_core_1/Not_Dual.INPUT_DOUBLE_REGS3/s_axi_aclk
    SLICE_X36Y90         FDRE                                         r  design_alu_i/axi_gpio_RESULT/U0/gpio_core_1/Not_Dual.INPUT_DOUBLE_REGS3/GENERATE_LEVEL_P_S_CDC.MULTI_BIT.FOR_IN_cdc_to[12].CROSS2_PLEVEL_IN2SCNDRY_IN_cdc_to/C

Slack:                    inf
  Source:                 design_alu_i/ALU_0/inst/result_reg_reg[6]/C
                            (rising edge-triggered cell FDCE clocked by clk_fpga_0  {rise@0.000ns fall@10.000ns period=20.000ns})
  Destination:            design_alu_i/axi_gpio_RESULT/U0/gpio_core_1/Not_Dual.INPUT_DOUBLE_REGS3/GENERATE_LEVEL_P_S_CDC.MULTI_BIT.FOR_IN_cdc_to[6].CROSS2_PLEVEL_IN2SCNDRY_IN_cdc_to/D
                            (rising edge-triggered cell FDRE clocked by clk_fpga_0  {rise@0.000ns fall@10.000ns period=20.000ns})
  Path Group:             (none)
  Path Type:              Hold (Min at Fast Process Corner)
  Data Path Delay:        0.323ns  (logic 0.164ns (50.706%)  route 0.159ns (49.294%))
  Logic Levels:           0  
  Clock Path Skew:        0.297ns (DCD - SCD - CPR)
    Destination Clock Delay (DCD):    1.186ns
    Source Clock Delay      (SCD):    0.889ns
    Clock Pessimism Removal (CPR):    -0.000ns
  Clock Uncertainty:      0.302ns  ((TSJ^2 + TIJ^2)^1/2 + DJ) / 2 + PE
    Total System Jitter     (TSJ):    0.071ns
    Total Input Jitter      (TIJ):    0.600ns
    Discrete Jitter          (DJ):    0.000ns
    Phase Error              (PE):    0.000ns
  Timing Exception:       False Path

    Location             Delay type                Incr(ns)  Path(ns)    Netlist Resource(s)
  -------------------------------------------------------------------    -------------------
                         (clock clk_fpga_0 rise edge)
                                                      0.000     0.000 r  
    PS7_X0Y0             PS7                          0.000     0.000 r  design_alu_i/processing_system7_0/inst/PS7_i/FCLKCLK[0]
                         net (fo=1, routed)           0.310     0.310    design_alu_i/processing_system7_0/inst/FCLK_CLK_unbuffered[0]
    BUFGCTRL_X0Y16       BUFG (Prop_bufg_I_O)         0.026     0.336 r  design_alu_i/processing_system7_0/inst/buffer_fclk_clk_0.FCLK_CLK_0_BUFG/O
                         net (fo=1197, routed)        0.553     0.889    design_alu_i/ALU_0/inst/clk
    SLICE_X42Y87         FDCE                                         r  design_alu_i/ALU_0/inst/result_reg_reg[6]/C
  -------------------------------------------------------------------    -------------------
    SLICE_X42Y87         FDCE (Prop_fdce_C_Q)         0.164     1.053 r  design_alu_i/ALU_0/inst/result_reg_reg[6]/Q
                         net (fo=1, routed)           0.159     1.212    design_alu_i/axi_gpio_RESULT/U0/gpio_core_1/Not_Dual.INPUT_DOUBLE_REGS3/gpio_io_i[6]
    SLICE_X38Y87         FDRE                                         r  design_alu_i/axi_gpio_RESULT/U0/gpio_core_1/Not_Dual.INPUT_DOUBLE_REGS3/GENERATE_LEVEL_P_S_CDC.MULTI_BIT.FOR_IN_cdc_to[6].CROSS2_PLEVEL_IN2SCNDRY_IN_cdc_to/D
  -------------------------------------------------------------------    -------------------

                         (clock clk_fpga_0 rise edge)
                                                      0.000     0.000 r  
    PS7_X0Y0             PS7                          0.000     0.000 r  design_alu_i/processing_system7_0/inst/PS7_i/FCLKCLK[0]
                         net (fo=1, routed)           0.337     0.337    design_alu_i/processing_system7_0/inst/FCLK_CLK_unbuffered[0]
    BUFGCTRL_X0Y16       BUFG (Prop_bufg_I_O)         0.029     0.366 r  design_alu_i/processing_system7_0/inst/buffer_fclk_clk_0.FCLK_CLK_0_BUFG/O
                         net (fo=1197, routed)        0.820     1.186    design_alu_i/axi_gpio_RESULT/U0/gpio_core_1/Not_Dual.INPUT_DOUBLE_REGS3/s_axi_aclk
    SLICE_X38Y87         FDRE                                         r  design_alu_i/axi_gpio_RESULT/U0/gpio_core_1/Not_Dual.INPUT_DOUBLE_REGS3/GENERATE_LEVEL_P_S_CDC.MULTI_BIT.FOR_IN_cdc_to[6].CROSS2_PLEVEL_IN2SCNDRY_IN_cdc_to/C

Slack:                    inf
  Source:                 design_alu_i/ALU_0/inst/result_reg_reg[13]/C
                            (rising edge-triggered cell FDCE clocked by clk_fpga_0  {rise@0.000ns fall@10.000ns period=20.000ns})
  Destination:            design_alu_i/axi_gpio_RESULT/U0/gpio_core_1/Not_Dual.INPUT_DOUBLE_REGS3/GENERATE_LEVEL_P_S_CDC.MULTI_BIT.FOR_IN_cdc_to[13].CROSS2_PLEVEL_IN2SCNDRY_IN_cdc_to/D
                            (rising edge-triggered cell FDRE clocked by clk_fpga_0  {rise@0.000ns fall@10.000ns period=20.000ns})
  Path Group:             (none)
  Path Type:              Hold (Min at Fast Process Corner)
  Data Path Delay:        0.337ns  (logic 0.164ns (48.655%)  route 0.173ns (51.345%))
  Logic Levels:           0  
  Clock Path Skew:        0.299ns (DCD - SCD - CPR)
    Destination Clock Delay (DCD):    1.190ns
    Source Clock Delay      (SCD):    0.891ns
    Clock Pessimism Removal (CPR):    -0.000ns
  Clock Uncertainty:      0.302ns  ((TSJ^2 + TIJ^2)^1/2 + DJ) / 2 + PE
    Total System Jitter     (TSJ):    0.071ns
    Total Input Jitter      (TIJ):    0.600ns
    Discrete Jitter          (DJ):    0.000ns
    Phase Error              (PE):    0.000ns
  Timing Exception:       False Path

    Location             Delay type                Incr(ns)  Path(ns)    Netlist Resource(s)
  -------------------------------------------------------------------    -------------------
                         (clock clk_fpga_0 rise edge)
                                                      0.000     0.000 r  
    PS7_X0Y0             PS7                          0.000     0.000 r  design_alu_i/processing_system7_0/inst/PS7_i/FCLKCLK[0]
                         net (fo=1, routed)           0.310     0.310    design_alu_i/processing_system7_0/inst/FCLK_CLK_unbuffered[0]
    BUFGCTRL_X0Y16       BUFG (Prop_bufg_I_O)         0.026     0.336 r  design_alu_i/processing_system7_0/inst/buffer_fclk_clk_0.FCLK_CLK_0_BUFG/O
                         net (fo=1197, routed)        0.555     0.891    design_alu_i/ALU_0/inst/clk
    SLICE_X38Y90         FDCE                                         r  design_alu_i/ALU_0/inst/result_reg_reg[13]/C
  -------------------------------------------------------------------    -------------------
    SLICE_X38Y90         FDCE (Prop_fdce_C_Q)         0.164     1.055 r  design_alu_i/ALU_0/inst/result_reg_reg[13]/Q
                         net (fo=1, routed)           0.173     1.228    design_alu_i/axi_gpio_RESULT/U0/gpio_core_1/Not_Dual.INPUT_DOUBLE_REGS3/gpio_io_i[13]
    SLICE_X35Y90         FDRE                                         r  design_alu_i/axi_gpio_RESULT/U0/gpio_core_1/Not_Dual.INPUT_DOUBLE_REGS3/GENERATE_LEVEL_P_S_CDC.MULTI_BIT.FOR_IN_cdc_to[13].CROSS2_PLEVEL_IN2SCNDRY_IN_cdc_to/D
  -------------------------------------------------------------------    -------------------

                         (clock clk_fpga_0 rise edge)
                                                      0.000     0.000 r  
    PS7_X0Y0             PS7                          0.000     0.000 r  design_alu_i/processing_system7_0/inst/PS7_i/FCLKCLK[0]
                         net (fo=1, routed)           0.337     0.337    design_alu_i/processing_system7_0/inst/FCLK_CLK_unbuffered[0]
    BUFGCTRL_X0Y16       BUFG (Prop_bufg_I_O)         0.029     0.366 r  design_alu_i/processing_system7_0/inst/buffer_fclk_clk_0.FCLK_CLK_0_BUFG/O
                         net (fo=1197, routed)        0.824     1.190    design_alu_i/axi_gpio_RESULT/U0/gpio_core_1/Not_Dual.INPUT_DOUBLE_REGS3/s_axi_aclk
    SLICE_X35Y90         FDRE                                         r  design_alu_i/axi_gpio_RESULT/U0/gpio_core_1/Not_Dual.INPUT_DOUBLE_REGS3/GENERATE_LEVEL_P_S_CDC.MULTI_BIT.FOR_IN_cdc_to[13].CROSS2_PLEVEL_IN2SCNDRY_IN_cdc_to/C





